clock_ns,arrival_system_ns
1003282453,1785855076527108087
1053282454,1785855076575951578
1103282454,1785855076620830179
1153282455,1785855076631068399
1203282456,1785855076681631798
1253282457,1785855076730057452
1303282457,1785855076779916131
1353282458,1785855076831007372
1403282459,1785855076880202335
1453282460,1785855076931643347
1503282460,1785855076980730451
1553282461,1785855077030722282
1603282462,1785855077081208752
1653282463,1785855077131219377
1703282463,1785855077181341517
1753282464,1785855077230824522
1803282465,1785855077282029439
1853282466,1785855077331484479
1903282466,1785855077381805726
1953282467,1785855077432286276
2003282468,1785855077483061966
2053282469,1785855077531581337
2103282469,1785855077581853377
2153282470,1785855077632219662
2203282471,1785855077682737021
2253282472,1785855077732338493
2303282472,1785855077782431760
2353282473,1785855077833216501
2403282474,1785855077882383499
2453282475,1785855077932351670
2503282475,1785855077983294754
2553282476,1785855078033878736
2603282477,1785855078084063238
2653282478,1785855078134645852
2703282478,1785855078183604045
2753282479,1785855078234010724
2803282480,1785855078283980698
2853282481,1785855078335126957
2903282481,1785855078384282080
2953282482,1785855078434353974
3003282483,1785855078485428825
3053282484,1785855078534871525
3103282484,1785855078585223327
3153282485,1785855078635734069
3203282486,1785855078685776927
3253282486,1785855078735101634
3303282487,1785855078786665407
3353282488,1785855078835681624
3403282489,1785855078885755848
3453282489,1785855078937193734
3503282490,1785855078986121422
3553282491,1785855079036071219
3603282492,1785855079087462781
3653282492,1785855079136424562
3703282493,1785855079187675992
3753282494,1785855079237674813
3803282495,1785855079287201042
3853282495,1785855079336981844
3903282496,1785855079387208284
3953282497,1785855079437824767
4003282498,1785855079487666433
4053282498,1785855079536917290
4103282499,1785855079587728672
4153282500,1785855079638530570
4203282501,1785855079688377906
4253282501,1785855079738435093
4303282502,1785855079789284341
4353282503,1785855079838372887
4403282504,1785855079888068816
4453282504,1785855079939128760
4503282505,1785855079989122031
4553282506,1785855080038679764
4603282507,1785855080089897109
4653282507,1785855080138741119
4703282508,1785855080189520183
4753282509,1785855080240214246
4803282510,1785855080289371809
4853282510,1785855080340136266
4903282511,1785855080390667159
4953282512,1785855080439374173
5003282513,1785855080490178372
5053282513,1785855080540609617
5103282514,1785855080591181565
5153282515,1785855080640270937
5203282516,1785855080690884741
5253282516,1785855080741609340
5303282517,1785855080790654100
5353282518,1785855080841040053
5403282519,1785855080891364058
5453282519,1785855080941593678
5503282520,1785855080991913079
5553282521,1785855081042910406
5603282522,1785855081092171777
5653282522,1785855081141114327
5703282523,1785855081192280888
5753282524,1785855081242215676
5803282524,1785855081292272763
5853282525,1785855081343227853
5903282526,1785855081392700858
5953282527,1785855081443216278
6003282527,1785855081493149957
6053282528,1785855081542974172
6103282529,1785855081593220489
6153282530,1785855081643532397
6203282530,1785855081693063850
6253282531,1785855081743345537
6303282532,1785855081793902662
6353282533,1785855081844484545
6403282533,1785855081894233293
6453282534,1785855081944223265
6503282535,1785855081994799862
6553282536,1785855082045131077
6603282536,1785855082095075096
6653282537,1785855082144690179
6703282538,1785855082195502448
6753282539,1785855082245364819
6803282539,1785855082294517397
6853282540,1785855082346453471
6903282541,1785855082395921674
6953282542,1785855082446217764
7003282542,1785855082497056385
7053282543,1785855082546350240
7103282544,1785855082595510697
7153282545,1785855082646750656
7203282545,1785855082696223689
7253282546,1785855082746630364
7303282547,1785855082797204707
7353282548,1785855082846700350
7403282548,1785855082896822568
7453282549,1785855082948130503
7503282550,1785855082996859211
7553282551,1785855083046880526
7603282551,1785855083097036690
7653282552,1785855083147591879
7703282553,1785855083197518040
7753282554,1785855083246813100
7803282554,1785855083298338946
7853282555,1785855083347365997
7903282556,1785855083397830178
7953282557,1785855083448855661
8003282557,1785855083497916762
8053282558,1785855083548061233
8103282559,1785855083598911988
8153282560,1785855083648755061
8203282560,1785855083699160673
8253282561,1785855083749325526
8303282562,1785855083799067335
8353282562,1785855083849371092
8403282563,1785855083899516091
8453282564,1785855083950391819
8503282565,1785855083999916636
8553282565,1785855084049292009
8603282566,1785855084100495678
8653282567,1785855084149704015
8703282568,1785855084199382006
8753282568,1785855084249821213
8803282569,1785855084300674902
8853282570,1785855084350186694
8903282571,1785855084399740991
8953282571,1785855084451167823
9003282572,1785855084500791711
9053282573,1785855084550429277
9103282574,1785855084600834147
9153282574,1785855084651524825
9203282575,1785855084700615102
9253282576,1785855084750898400
9303282577,1785855084802841513
9353282577,1785855084851810960
9403282578,1785855084902196661
9453282579,1785855084952229373
9503282580,1785855085002702710
9553282580,1785855085051527675
9603282581,1785855085102184748
9653282582,1785855085152331458
9703282583,1785855085202720382
9753282583,1785855085252670626
9803282584,1785855085303142984
9853282585,1785855085352367901
9903282586,1785855085402668667
9953282586,1785855085453427042
10003282587,1785855085503194928
10053282588,1785855085553152307
10103282589,1785855085604152820
10153282589,1785855085653040130
10203282590,1785855085703346476
10253282591,1785855085754650828
10303282592,1785855085803913538
10353282592,1785855085854082099
10403282593,1785855085904359345
10453282594,1785855085954737030
10503282595,1785855086004175182
10553282595,1785855086054978594
10603282596,1785855086104919184
10653282597,1785855086154067425
10703282598,1785855086205066707
10753282598,1785855086255755762
10803282599,1785855086305335625
10853282600,1785855086355708925
10903282600,1785855086405522854
10953282601,1785855086455126224
11003282602,1785855086505897327
11053282603,1785855086555741432
11103282603,1785855086605477210
11153282604,1785855086657281416
11203282605,1785855086705817591
11253282606,1785855086756366360
11303282606,1785855086806148554
11353282607,1785855086856690594
11403282608,1785855086906581130
11453282609,1785855086956992039
11503282609,1785855087007283280
11553282610,1785855087056434486
11603282611,1785855087106540413
11653282612,1785855087157136761
11703282612,1785855087206581036
11753282613,1785855087256812355
11803282614,1785855087307620777
11853282615,1785855087356855488
11903282615,1785855087407830070
11953282616,1785855087458218898
12003282617,1785855087508920027
12053282618,1785855087558273451
12103282618,1785855087609283224
12153282619,1785855087658064675
12203282620,1785855087708518822
12253282621,1785855087759293729
12303282621,1785855087809827100
12353282622,1785855087859673049
12403282623,1785855087910121890
12453282624,1785855087958924607
12503282624,1785855088009603735
12553282625,1785855088060368419
12603282626,1785855088110019389
12653282627,1785855088159222329
12703282627,1785855088209831248
12753282628,1785855088259517937
12803282629,1785855088310167443
12853282630,1785855088360667946
12903282630,1785855088410912432
12953282631,1785855088460727742
13003282632,1785855088510611054
13053282633,1785855088560669888
13103282633,1785855088611055263
13153282634,1785855088660918537
13203282635,1785855088711752521
13253282636,1785855088761031528
13303282636,1785855088812440444
13353282637,1785855088862744273
13403282638,1785855088912672187
13453282638,1785855088962002058
13503282639,1785855089012808622
13553282640,1785855089062823861
13603282641,1785855089112648145
13653282641,1785855089163376625
13703282642,1785855089212346882
13753282643,1785855089262211362
13803282644,1785855089314286950
13853282644,1785855089362268191
13903282645,1785855089413370503
13953282646,1785855089463424568
14003282647,1785855089512428641
14053282647,1785855089562828429
14103282648,1785855089613882548
14153282649,1785855089663520056
14203282650,1785855089713805471
14253282650,1785855089764193119
14303282651,1785855089813815667
14353282652,1785855089864054231
14403282653,1785855089914165224
14453282653,1785855089964905666
14503282654,1785855090013892689
14553282655,1785855090064349140
14603282656,1785855090115506140
14653282656,1785855090164755902
14703282657,1785855090215648397
14753282658,1785855090265209028
14803282659,1785855090315029431
14853282659,1785855090364678659
14903282660,1785855090415669485
14953282661,1785855090464915625
15003282662,1785855090515671572
15053282662,1785855090566373765
15103282663,1785855090616064557
15153282664,1785855090665970706
15203282665,1785855090716439760
15253282665,1785855090767182393
15303282666,1785855090817524863
15353282667,1785855090867119073
15403282668,1785855090917582949
15453282668,1785855090967280447
15503282669,1785855091016970841
15553282670,1785855091067617377
15603282671,1785855091117820005
15653282671,1785855091167564954
15703282672,1785855091218064348
15753282673,1785855091268229171
15803282674,1785855091317658333
15853282674,1785855091368584289
15903282675,1785855091419042450
15953282676,1785855091468507969
16003282676,1785855091519192901
16053282677,1785855091569577187
16103282678,1785855091618905762
16153282679,1785855091668832088
16203282679,1785855091719224087
16253282680,1785855091769204489
16303282681,1785855091819430348
16353282682,1785855091870338903
16403282682,1785855091919285003
16453282683,1785855091969745556
16503282684,1785855092020687122
16553282685,1785855092070193494
16603282685,1785855092118905949
16653282686,1785855092170888625
16703282687,1785855092220293236
16753282688,1785855092270463613
16803282688,1785855092320984055
16853282689,1785855092370369828
16903282690,1785855092420285052
16953282691,1785855092470676744
17003282691,1785855092520290270
17053282692,1785855092571131313
17103282693,1785855092621506281
17153282694,1785855092671345458
17203282694,1785855092720975463
17253282695,1785855092771670544
17303282696,1785855092821649061
17353282697,1785855092871305878
17403282697,1785855092921815384
17453282698,1785855092971298419
17503282699,1785855093022220283
17553282700,1785855093072186523
17603282700,1785855093121704261
17653282701,1785855093172211486
17703282702,1785855093221775051
17753282703,1785855093272797694
17803282703,1785855093323790013
17853282704,1785855093373153911
17903282705,1785855093423880120
17953282706,1785855093473183784
18003282706,1785855093523286456
18053282707,1785855093573661298
18103282708,1785855093624346900
18153282709,1785855093673686022
18203282709,1785855093723895814
18253282710,1785855093774589032
18303282711,1785855093824180552
18353282712,1785855093874069305
18403282712,1785855093925132952
18453282713,1785855093974213422
18503282714,1785855094025493178
18553282714,1785855094074620513
18603282715,1785855094125498187
18653282716,1785855094174415811
18703282717,1785855094225223102
18753282717,1785855094276651322
18803282718,1785855094324726200
18853282719,1785855094374763068
18903282720,1785855094425964642
18953282720,1785855094475948345
19003282721,1785855094525225565
19053282722,1785855094575430687
19103282723,1785855094627274154
19153282723,1785855094675742462
19203282724,1785855094725977034
19253282725,1785855094777345121
19303282726,1785855094826714066
19353282726,1785855094877867141
19403282727,1785855094928313029
19453282728,1785855094977354362
19503282729,1785855095027126435
19553282729,1785855095077379551
19603282730,1785855095128042183
19653282731,1785855095176908077
19703282732,1785855095227147337
19753282732,1785855095278797790
19803282733,1785855095327677518
19853282734,1785855095378370999
19903282735,1785855095428740367
19953282735,1785855095478264629
20003282736,1785855095528368706
20053282737,1785855095579730478
20103282738,1785855095628994086
20153282738,1785855095679045958
20203282739,1785855095729502937
20253282740,1785855095779916344
20303282741,1785855095829732061
20353282741,1785855095879364912
20403282742,1785855095930659174
20453282743,1785855095979801278
20503282744,1785855096029136505
20553282744,1785855096080521017
20603282745,1785855096130598356
20653282746,1785855096179906302
20703282747,1785855096231135177
20753282747,1785855096280830766
20803282748,1785855096331348029
20853282749,1785855096380878514
20903282750,1785855096430801242
20953282750,1785855096481290205
21003282751,1785855096530913588
21053282752,1785855096582369849
21103282752,1785855096631456575
21153282753,1785855096681419245
21203282754,1785855096732603639
21253282755,1785855096781671086
21303282755,1785855096832653351
21353282756,1785855096883217111
21403282757,1785855096933030097
21453282758,1785855096982063840
21503282758,1785855097034069190
21553282759,1785855097082765998
21603282760,1785855097132862742
21653282761,1785855097183202881
21703282761,1785855097233370980
21753282762,1785855097282823832
21803282763,1785855097334455500
21853282764,1785855097383222601
21903282764,1785855097433885163
21953282765,1785855097483213818
22003282766,1785855097535141043
22053282767,1785855097584836684
22103282767,1785855097634438509
22153282768,1785855097685812249
22203282769,1785855097735283649
22253282770,1785855097785153091
22303282770,1785855097835882018
22353282771,1785855097885368284
22403282772,1785855097935669795
22453282773,1785855097985434693
22503282773,1785855098035810433
22553282774,1785855098085047847
22603282775,1785855098136299555
22653282776,1785855098184808701
22703282776,1785855098235523241
22753282777,1785855098286815116
22803282778,1785855098335597935
22853282779,1785855098385822657
22903282779,1785855098436581591
22953282780,1785855098486591120
23003282781,1785855098536667346
23053282782,1785855098586757521
23103282782,1785855098636069920
23153282783,1785855098686126082
23203282784,1785855098737513162
23253282785,1785855098787478551
23303282785,1785855098837180267
23353282786,1785855098887297676
23403282787,1785855098938272369
23453282788,1785855098988044067
23503282788,1785855099038046479
23553282789,1785855099088048906
23603282790,1785855099137914305
23653282790,1785855099188129050
23703282791,1785855099239605727
23753282792,1785855099288752746
23803282793,1785855099338345878
23853282793,1785855099389370445
23903282794,1785855099439844727
23953282795,1785855099489589441
24003282796,1785855099539880575
24053282796,1785855099589811959
24103282797,1785855099639790602
24153282798,1785855099690204009
24203282799,1785855099739597855
24253282799,1785855099790176887
24303282800,1785855099841317182
24353282801,1785855099890529572
24403282802,1785855099940134219
24453282802,1785855099991145557
24503282803,1785855100041615220
24553282804,1785855100091346518
24603282805,1785855100141279744
24653282805,1785855100191507600
24703282806,1785855100241705669
24753282807,1785855100291755840
24803282808,1785855100341330777
24853282808,1785855100391668852
24903282809,1785855100442233519
24953282810,1785855100492163419
25003282811,1785855100541916804
25053282811,1785855100593154986
25103282812,1785855100642371249
25153282813,1785855100692474814
25203282814,1785855100743435267
25253282814,1785855100792481064
25303282815,1785855100842830223
25353282816,1785855100893593060
25403282817,1785855100942918093
25453282817,1785855100992611266
25503282818,1785855101044046586
25553282819,1785855101093135064
25603282820,1785855101143077525
25653282820,1785855101193884469
25703282821,1785855101244141917
25753282822,1785855101293619037
25803282823,1785855101343669344
25853282823,1785855101394764983
25903282824,1785855101443632799
25953282825,1785855101493673087
26003282826,1785855101544674114
26053282826,1785855101594525619
26103282827,1785855101644522924
26153282828,1785855101695427047
26203282828,1785855101744762233
26253282829,1785855101794741568
26303282830,1785855101846065539
26353282831,1785855101895292330
26403282831,1785855101945439149
26453282832,1785855101996127399
26503282833,1785855102046577131
26553282834,1785855102096060840
26603282834,1785855102146640568
26653282835,1785855102195988550
26703282836,1785855102246040270
26753282837,1785855102296878436
26803282837,1785855102346655577
26853282838,1785855102396590832
26903282839,1785855102446588579
26953282840,1785855102497501572
27003282840,1785855102546976518
27053282841,1785855102596551171
27103282842,1785855102648032057
27153282843,1785855102697690698
27203282843,1785855102747373093
27253282844,1785855102798114637
27303282845,1785855102847893340
27353282846,1785855102897725519
27403282846,1785855102947613307
27453282847,1785855102998817517
27503282848,1785855103047744511
27553282849,1785855103098154535
27603282849,1785855103149138281
27653282850,1785855103199138820
27703282851,1785855103248985153
27753282852,1785855103299360387
27803282852,1785855103349073682
27853282853,1785855103399063459
27903282854,1785855103450266555
27953282855,1785855103499486665
28003282855,1785855103549591021
28053282856,1785855103600137700
28103282857,1785855103650179689
28153282858,1785855103699914664
28203282858,1785855103750584544
28253282859,1785855103800217289
28303282860,1785855103850587550
28353282861,1785855103900281179
28403282861,1785855103951577764
28453282862,1785855104001141255
28503282863,1785855104051712185
28553282863,1785855104102134751
28603282864,1785855104150616068
28653282865,1785855104201216700
28703282866,1785855104252971912
28753282866,1785855104302217165
28803282867,1785855104351673779
28853282868,1785855104402364403
28903282869,1785855104451699899
28953282869,1785855104502284054
29003282870,1785855104552829337
29053282871,1785855104603677400
29103282872,1785855104652623043
29153282872,1785855104703055579
29203282873,1785855104753379885
29253282874,1785855104803296686
29303282875,1785855104853132431
29353282875,1785855104904353471
29403282876,1785855104953821453
29453282877,1785855105003913090
29503282878,1785855105054143644
29553282878,1785855105103793349
29603282879,1785855105153999821
29653282880,1785855105204478656
29703282881,1785855105254213730
29753282881,1785855105304516692
29803282882,1785855105355333874
29853282883,1785855105405262943
29903282884,1785855105454978949
29953282884,1785855105505278406
30003282885,1785855105555724423
30053282886,1785855105605807119
30103282887,1785855105655732424
30153282887,1785855105706497809
30203282888,1785855105756124263
30253282889,1785855105806019916
30303282890,1785855105856584956
30353282890,1785855105906255482
30403282891,1785855105955748931
30453282892,1785855106007132444
30503282893,1785855106056721580
30553282893,1785855106106969986
30603282894,1785855106157002395
30653282895,1785855106207141461
30703282896,1785855106256888807
30753282896,1785855106306516067
30803282897,1785855106358136444
30853282898,1785855106407222496
30903282899,1785855106457603058
30953282899,1785855106508639361
31003282900,1785855106558345296
31053282901,1785855106607783418
31103282901,1785855106659173786
31153282902,1785855106708649145
31203282903,1785855106758893144
31253282904,1785855106809025158
31303282904,1785855106858257133
31353282905,1785855106909024041
31403282906,1785855106959925737
31453282907,1785855107009140662
31503282907,1785855107059838062
31553282908,1785855107110433609
31603282909,1785855107159673346
31653282910,1785855107209652189
31703282910,1785855107260299494
31753282911,1785855107309371250
31803282912,1785855107359665908
31853282913,1785855107410136591
31903282913,1785855107459780678
31953282914,1785855107510271109
32003282915,1785855107561440289
32053282916,1785855107610675732
32103282916,1785855107661129984
32153282917,1785855107711778800
32203282918,1785855107761244326
32253282919,1785855107811653702
32303282919,1785855107861832486
32353282920,1785855107911664349
32403282921,1785855107961435109
32453282922,1785855108012175977
32503282922,1785855108061533108
32553282923,1785855108111693139
32603282924,1785855108162007992
32653282925,1785855108211734490
32703282925,1785855108262314236
32753282926,1785855108312581559
32803282927,1785855108361913721
32853282928,1785855108412506649
32903282928,1785855108463129674
32953282929,1785855108512126845
33003282930,1785855108562496222
33053282931,1785855108612984082
33103282931,1785855108663065602
33153282932,1785855108713765538
33203282933,1785855108763432591
33253282934,1785855108813996772
33303282934,1785855108863493282
33353282935,1785855108913430629
33403282936,1785855108963575261
33453282937,1785855109014917352
33503282937,1785855109063836933
33553282938,1785855109114010399
33603282939,1785855109163820898
33653282939,1785855109214889222
33703282940,1785855109264217957
33753282941,1785855109314821568
33803282942,1785855109365435530
33853282942,1785855109414909494
33903282943,1785855109465823631
33953282944,1785855109516368155
34003282945,1785855109565912565
34053282945,1785855109615579314
34103282946,1785855109666494911
34153282947,1785855109716433686
34203282948,1785855109765862629
34253282948,1785855109816151348
34303282949,1785855109866416432
34353282950,1785855109916762848
34403282951,1785855109966297398
34453282951,1785855110016557594
34503282952,1785855110066901347
34553282953,1785855110118137687
34603282954,1785855110166888290
34653282954,1785855110217342518
34703282955,1785855110268232432
34753282956,1785855110317982396
34803282957,1785855110367292560
34853282957,1785855110417219197
34903282958,1785855110467838112
34953282959,1785855110517597346
35003282960,1785855110567651444
35053282960,1785855110618368272
35103282961,1785855110667983913
35153282962,1785855110718363892
35203282963,1785855110769054577
35253282963,1785855110818196024
35303282964,1785855110868591546
35353282965,1785855110918895623
35403282966,1785855110969012159
35453282966,1785855111018810252
35503282967,1785855111069306468
35553282968,1785855111120067667
35603282969,1785855111168825132
35653282969,1785855111220341787
35703282970,1785855111271077677
35753282971,1785855111319653035
35803282972,1785855111369668796
35853282972,1785855111420315940
35903282973,1785855111470792917
35953282974,1785855111520213986
36003282975,1785855111570669756
36053282975,1785855111620589170
36103282976,1785855111671060291
36153282977,1785855111720212067
36203282977,1785855111771381704
36253282978,1785855111820788360
36303282979,1785855111871381891
36353282980,1785855111921478396
36403282980,1785855111971046205
36453282981,1785855112021371391
36503282982,1785855112072351510
36553282983,1785855112122127786
36603282983,1785855112171391623
36653282984,1785855112222225382
36703282985,1785855112272782726
36753282986,1785855112321740911
36803282986,1785855112371908190
36853282987,1785855112422821120
36903282988,1785855112473523537
36953282989,1785855112523014987
37003282989,1785855112573126733
37053282990,1785855112623598042
37103282991,1785855112673278340
37153282992,1785855112723667270
37203282992,1785855112772878308
37253282993,1785855112824121962
37303282994,1785855112873743601
37353282995,1785855112923735342
37403282995,1785855112974132806
37453282996,1785855113025049204
37503282997,1785855113074209385
37553282998,1785855113124519294
37603282998,1785855113174490225
37653282999,1785855113224929855
37703283000,1785855113274220715
37753283001,1785855113324912344
37803283001,1785855113374668683
37853283002,1785855113425499576
37903283003,1785855113476169397
37953283004,1785855113526194453
38003283004,1785855113575288700
38053283005,1785855113625740293
38103283006,1785855113676876636
38153283007,1785855113726649348
38203283007,1785855113775802749
38253283008,1785855113827438600
38303283009,1785855113876826413
38353283010,1785855113926524752
38403283010,1785855113977222257
38453283011,1785855114027066233
38503283012,1785855114077373003
38553283013,1785855114127678673
38603283013,1785855114176971504
38653283014,1785855114227331036
38703283015,1785855114277973138
38753283015,1785855114327585147
38803283016,1785855114377742875
38853283017,1785855114428775869
38903283018,1785855114478374428
38953283018,1785855114528679790
39003283019,1785855114579618586
39053283020,1785855114629352062
39103283021,1785855114678328049
39153283021,1785855114729360033
39203283022,1785855114779522184
39253283023,1785855114829287543
39303283024,1785855114879176504
39353283024,1785855114930339523
39403283025,1785855114980370473
39453283026,1785855115029790475
39503283027,1785855115080350655
39553283027,1785855115129914589
39603283028,1785855115179673315
39653283029,1785855115230582987
39703283030,1785855115281038116
39753283030,1785855115330581447
39803283031,1785855115381069352
39853283032,1785855115431633742
39903283033,1785855115481034039
39953283033,1785855115530601294
40003283034,1785855115582389997
40053283035,1785855115631650509
40103283036,1785855115681459717
40153283036,1785855115732030483
40203283037,1785855115781579605
40253283038,1785855115832124885
40303283039,1785855115883137356
40353283039,1785855115931594880
40403283040,1785855115981542034
40453283041,1785855116032897303
40503283042,1785855116082368503
40553283042,1785855116131797393
40603283043,1785855116182215395
40653283044,1785855116233068611
40703283045,1785855116282147927
40753283045,1785855116332544078
40803283046,1785855116383427077
40853283047,1785855116433051055
40903283048,1785855116483448396
40953283048,1785855116533830940
41003283049,1785855116583515161
41053283050,1785855116634042885
41103283051,1785855116684436128
41153283051,1785855116733589488
41203283052,1785855116783588434
41253283053,1785855116833579295
41303283053,1785855116884175126
41353283054,1785855116934072371
41403283055,1785855116984762401
41453283056,1785855117035061654
41503283056,1785855117084963220
41553283057,1785855117134066057
41603283058,1785855117186370509
41653283059,1785855117235140435
41703283059,1785855117285317980
41753283060,1785855117335780649
41803283061,1785855117385189023
41853283062,1785855117436062619
41903283062,1785855117486651539
41953283063,1785855117536064265
42003283064,1785855117586435969
42053283065,1785855117635832957
42103283065,1785855117686918003
42153283066,1785855117736679948
42203283067,1785855117786060547
42253283068,1785855117837873315
42303283068,1785855117886597565
42353283069,1785855117936670602
42403283070,1785855117986712402
42453283071,1785855118037435697
42503283071,1785855118087154877
42553283072,1785855118138792573
42603283073,1785855118187369319
42653283074,1785855118237582881
42703283074,1785855118288483143
42753283075,1785855118338432472
42803283076,1785855118388686902
42853283077,1785855118439603980
42903283077,1785855118488517615
42953283078,1785855118538060140
43003283079,1785855118588814514
43053283080,1785855118639218693
43103283080,1785855118688789850
43153283081,1785855118739116530
43203283082,1785855118790473155
43253283083,1785855118839586086
43303283083,1785855118890168107
43353283084,1785855118940538430
43403283085,1785855118990524589
43453283086,1785855119039798236
43503283086,1785855119090437402
43553283087,1785855119140384004
43603283088,1785855119190582107
43653283089,1785855119241310043
43703283089,1785855119290581834
43753283090,1785855119340584394
43803283091,1785855119391830899
43853283091,1785855119441147330
43903283092,1785855119491214262
43953283093,1785855119541902127
44003283094,1785855119591676476
44053283094,1785855119641829568
44103283095,1785855119692376484
44153283096,1785855119741849812
44203283097,1785855119791670871
44253283097,1785855119842277130
44303283098,1785855119891827817
44353283099,1785855119941692933
44403283100,1785855119992194573
44453283100,1785855120041792728
44503283101,1785855120092724329
44553283102,1785855120143038354
44603283103,1785855120192987146
44653283103,1785855120243289300
44703283104,1785855120293031528
44753283105,1785855120343632260
44803283106,1785855120393514666
44853283106,1785855120443752453
44903283107,1785855120494667541
44953283108,1785855120544044443
45003283109,1785855120594116711
45053283109,1785855120644335868
45103283110,1785855120694665671
45153283111,1785855120743794829
45203283112,1785855120794898767
45253283112,1785855120844324079
45303283113,1785855120894677420
45353283114,1785855120945436340
45403283115,1785855120995701387
45453283115,1785855121045137098
45503283116,1785855121096335311
45553283117,1785855121145300803
45603283118,1785855121195437741
45653283118,1785855121246058271
45703283119,1785855121295517743
45753283120,1785855121346369306
45803283121,1785855121396071278
45853283121,1785855121446913108
45903283122,1785855121496282693
45953283123,1785855121546524195
46003283124,1785855121597971634
46053283124,1785855121647498163
46103283125,1785855121696675409
46153283126,1785855121747193513
46203283127,1785855121798371178
46253283127,1785855121848230485
46303283128,1785855121897523081
46353283129,1785855121947596016
46403283129,1785855121998843831
46453283130,1785855122048207819
46503283131,1785855122097377429
46553283132,1785855122148069294
46603283132,1785855122197913170
46653283133,1785855122247977344
46703283134,1785855122298761176
46753283135,1785855122349448645
46803283135,1785855122398914177
46853283136,1785855122449217537
46903283137,1785855122498682923
46953283138,1785855122549579887
47003283138,1785855122598889015
47053283139,1785855122649672141
47103283140,1785855122700395392
47153283141,1785855122749608801
47203283141,1785855122799538967
47253283142,1785855122850739361
47303283143,1785855122899981232
47353283144,1785855122949911255
47403283144,1785855123000887397
47453283145,1785855123050128506
47503283146,1785855123100751620
47553283147,1785855123151143418
47603283147,1785855123200484855
47653283148,1785855123251823908
47703283149,1785855123301558578
47753283150,1785855123351314126
47803283150,1785855123401577092
47853283151,1785855123452117095
47903283152,1785855123501297692
47953283153,1785855123550917008
48003283153,1785855123602801074
48053283154,1785855123652506638
48103283155,1785855123702677207
48153283156,1785855123753197245
48203283156,1785855123802619311
48253283157,1785855123852671033
48303283158,1785855123902980031
48353283159,1785855123953750287
48403283159,1785855124003359588
48453283160,1785855124052806114
48503283161,1785855124104108396
48553283162,1785855124152700074
48603283162,1785855124203125582
48653283163,1785855124254427432
48703283164,1785855124303060881
48753283165,1785855124353687197
48803283165,1785855124404607059
48853283166,1785855124454202843
48903283167,1785855124503956572
48953283167,1785855124554368779
49003283168,1785855124603688827
49053283169,1785855124653826680
49103283170,1785855124705442565
49153283170,1785855124755145969
49203283171,1785855124804364312
49253283172,1785855124855660221
49303283173,1785855124904972724
49353283173,1785855124954466182
49403283174,1785855125005523116
49453283175,1785855125054383739
49503283176,1785855125104803943
49553283176,1785855125155341887
49603283177,1785855125205305642
49653283178,1785855125255294235
49703283179,1785855125305178284
49753283179,1785855125356215499
49803283180,1785855125405731771
49853283181,1785855125455130315
49903283182,1785855125506034503
49953283182,1785855125556029599
50003283183,1785855125605606143
50053283184,1785855125656038218
50103283185,1785855125706421056
50153283185,1785855125756127555
50203283186,1785855125807063466
50253283187,1785855125856253735
50303283188,1785855125906223886
50353283188,1785855125957894854
50403283189,1785855126006732463
50453283190,1785855126056502831
50503283191,1785855126106872735
50553283191,1785855126157857883
50603283192,1785855126207524309
50653283193,1785855126258026608
50703283194,1785855126308735320
50753283194,1785855126357914828
50803283195,1785855126407737332
50853283196,1785855126459182946
50903283197,1785855126509005003
50953283197,1785855126558815627
51003283198,1785855126609578592
51053283199,1785855126659119026
51103283200,1785855126709294001
51153283200,1785855126759674616
51203283201,1785855126809365698
51253283202,1785855126859731702
51303283203,1785855126910196555
51353283203,1785855126959639163
51403283204,1785855127009679841
51453283205,1785855127060734432
51503283205,1785855127110598206
51553283206,1785855127160903563
51603283207,1785855127211193498
51653283208,1785855127261114120
51703283208,1785855127310447293
51753283209,1785855127361431463
51803283210,1785855127411517591
51853283211,1785855127461036885
51903283211,1785855127510896798
51953283212,1785855127561817264
52003283213,1785855127610917133
52053283214,1785855127661750098
52103283214,1785855127712346920
52153283215,1785855127761577410
52203283216,1785855127811972772
52253283217,1785855127862438827
52303283217,1785855127911627735
52353283218,1785855127962515996
52403283219,1785855128013286788
52453283220,1785855128061840551
52503283220,1785855128112905173
52553283221,1785855128162749036
52603283222,1785855128213483404
52653283223,1785855128263202376
52703283223,1785855128313509139
52753283224,1785855128364518333
52803283225,1785855128414044948
52853283226,1785855128463435927
52903283226,1785855128514808600
52953283227,1785855128564039279
53003283228,1785855128613817090
53053283229,1785855128664374602
53103283229,1785855128713817021
53153283230,1785855128764223932
53203283231,1785855128815053295
53253283232,1785855128864826235
53303283232,1785855128914749434
53353283233,1785855128965738712
53403283234,1785855129015073663
53453283235,1785855129066208942
53503283235,1785855129115973249
53553283236,1785855129165975871
53603283237,1785855129216285248
53653283238,1785855129266826372
53703283238,1785855129316740604
53753283239,1785855129366824497
53803283240,1785855129416977596
53853283240,1785855129466445126
53903283241,1785855129516560520
53953283242,1785855129567068307
54003283243,1785855129617495947
54053283243,1785855129666849040
54103283244,1785855129717221186
54153283245,1785855129766836498
54203283246,1785855129817291031
54253283246,1785855129867278283
54303283247,1785855129917520108
54353283248,1785855129967377908
54403283249,1785855130017752546
54453283249,1785855130068516352
54503283250,1785855130118275370
54553283251,1785855130167741773
54603283252,1785855130217839561
54653283252,1785855130268065947
54703283253,1785855130318677728
54753283254,1785855130368435652
54803283255,1785855130419348060
54853283255,1785855130469423948
54903283256,1785855130518906640
54953283257,1785855130568514586
55003283258,1785855130619778014
55053283258,1785855130669040806
55103283259,1785855130719281295
55153283260,1785855130769509628
55203283261,1785855130820494049
55253283261,1785855130869521268
55303283262,1785855130919855502
55353283263,1785855130971217995
55403283264,1785855131020518949
55453283264,1785855131070681871
55503283265,1785855131121495058
55553283266,1785855131170832859
55603283267,1785855131221069014
55653283267,1785855131271429085
55703283268,1785855131322288970
55753283269,1785855131371593904
55803283270,1785855131421427165
55853283270,1785855131471837850
55903283271,1785855131522659868
55953283272,1785855131571681724
56003283273,1785855131622830005
56053283273,1785855131672130347
56103283274,1785855131721982800
56153283275,1785855131772984316
56203283276,1785855131822586570
56253283276,1785855131873044525
56303283277,1785855131923737640
56353283278,1785855131972836308
56403283278,1785855132022784243
56453283279,1785855132073603203
56503283280,1785855132123224788
56553283281,1785855132172765707
56603283281,1785855132223787249
56653283282,1785855132274158509
56703283283,1785855132323653513
56753283284,1785855132373829866
56803283284,1785855132424214718
56853283285,1785855132473989463
56903283286,1785855132523912434
56953283287,1785855132574823386
57003283287,1785855132623990322
57053283288,1785855132674355507
57103283289,1785855132725599619
57153283290,1785855132774657504
57203283290,1785855132824809419
57253283291,1785855132875590806
57303283292,1785855132924833855
57353283293,1785855132975748507
57403283293,1785855133026424775
57453283294,1785855133075674204
57503283295,1785855133125991626
57553283296,1785855133175211192
57603283296,1785855133226730363
57653283297,1785855133276620348
57703283298,1785855133326136027
57753283299,1785855133376810148
57803283299,1785855133426927938
57853283300,1785855133476903883
57903283301,1785855133527195898
57953283302,1785855133578060976
58003283302,1785855133626922664
58053283303,1785855133676538167
58103283304,1785855133728128566
58153283305,1785855133777826189
58203283305,1785855133828312574
58253283306,1785855133878101026
58303283307,1785855133928067814
58353283308,1785855133978018478
58403283308,1785855134029195782
58453283309,1785855134078681098
58503283310,1785855134128523592
58553283311,1785855134178896342
58603283311,1785855134228376067
58653283312,1785855134278733694
58703283313,1785855134330373732
58753283314,1785855134379071250
58803283314,1785855134428980621
58853283315,1785855134479984873
58903283316,1785855134529219029
58953283316,1785855134579818375
59003283317,1785855134630829722
59053283318,1785855134679435926
59103283319,1785855134729501058
59153283319,1785855134780757821
59203283320,1785855134830590456
59253283321,1785855134880336488
59303283322,1785855134931710163
59353283322,1785855134981217073
59403283323,1785855135031064169
59453283324,1785855135082064036
59503283325,1785855135130385649
59553283325,1785855135180671078
59603283326,1785855135231535797
59653283327,1785855135281671215
59703283328,1785855135331656843
59753283328,1785855135381913328
59803283329,1785855135432658064
59853283330,1785855135482822108
59903283331,1785855135532051664
59953283331,1785855135583504784
60003283332,1785855135632323948
60053283333,1785855135682896419
60103283334,1785855135733224387
60153283334,1785855135783243598
60203283335,1785855135832984748
60253283336,1785855135882639899
60303283337,1785855135933521757
60353283337,1785855135983068496
60403283338,1785855136034153300
60453283339,1785855136084514983
60503283340,1785855136133598722
60553283340,1785855136183137448
60603283341,1785855136234204897
60653283342,1785855136283909765
60703283343,1785855136334510597
60753283343,1785855136383981411
60803283344,1785855136434723843
60853283345,1785855136484202277
60903283346,1785855136534043966
60953283346,1785855136585051016
61003283347,1785855136634664005
61053283348,1785855136684670756
61103283349,1785855136735222973
61153283349,1785855136785433620
61203283350,1785855136835219090
61253283351,1785855136885904622
61303283352,1785855136935279996
61353283352,1785855136985364487
61403283353,1785855137036103222
61453283354,1785855137085975483
61503283354,1785855137135383375
61553283355,1785855137185388718
61603283356,1785855137236036304
61653283357,1785855137286519665
61703283357,1785855137336145437
61753283358,1785855137386436829
61803283359,1785855137437221248
61853283360,1785855137486949538
61903283360,1785855137536910728
61953283361,1785855137587368476
62003283362,1785855137637292817
62053283363,1785855137687711597
62103283363,1785855137738032950
62153283364,1785855137787670858
62203283365,1785855137838059048
62253283366,1785855137887583757
62303283366,1785855137938823730
62353283367,1785855137988541294
62403283368,1785855138038364545
62453283369,1785855138088744883
62503283369,1785855138138510551
62553283370,1785855138188849873
62603283371,1785855138239463556
62653283372,1785855138289198542
62703283372,1785855138338527299
62753283373,1785855138389298561
62803283374,1785855138439425617
62853283375,1785855138488747925
62903283375,1785855138539767452
62953283376,1785855138589896559
63003283377,1785855138639280190
63053283378,1785855138690056003
63103283378,1785855138740360757
63153283379,1785855138789586653
63203283380,1785855138840587411
63253283381,1785855138889998451
63303283381,1785855138939975872
63353283382,1785855138989909483
63403283383,1785855139041224268
63453283384,1785855139090579379
63503283384,1785855139141040838
63553283385,1785855139190282950
63603283386,1785855139240987861
63653283387,1785855139290453413
63703283387,1785855139341349587
63753283388,1785855139391735913
63803283389,1785855139441687114
63853283390,1785855139492072242
63903283390,1785855139541991584
63953283391,1785855139591674863
64003283392,1785855139641755034
64053283392,1785855139692343099
64103283393,1785855139743067553
64153283394,1785855139792311756
64203283395,1785855139842099930
64253283395,1785855139893330356
64303283396,1785855139942279026
64353283397,1785855139992652726
64403283398,1785855140043802278
64453283398,1785855140092654207
64503283399,1785855140142750794
64553283400,1785855140193038453
64603283401,1785855140244063949
64653283401,1785855140293142324
64703283402,1785855140342763067
64753283403,1785855140393883041
64803283404,1785855140443755587
64853283404,1785855140493909742
64903283405,1785855140544444512
64953283406,1785855140594465183
65003283407,1785855140644039438
65053283407,1785855140694676212
65103283408,1785855140744586767
65153283409,1785855140795588084
65203283410,1785855140845020224
65253283410,1785855140895064033
65303283411,1785855140945846220
65353283412,1785855140995827293
65403283413,1785855141045074128
65453283413,1785855141095743626
65503283414,1785855141145634514
65553283415,1785855141195648420
65603283416,1785855141246741826
65653283416,1785855141296187189
65703283417,1785855141346434818
65753283418,1785855141396674578
65803283419,1785855141446522421
65853283419,1785855141496800572
65903283420,1785855141546129452
65953283421,1785855141596368483
66003283422,1785855141647498355
66053283422,1785855141696676453
66103283423,1785855141746881572
66153283424,1785855141797380388
66203283425,1785855141846885410
66253283425,1785855141897439270
66303283426,1785855141947205399
66353283427,1785855141997817608
66403283428,1785855142047222439
66453283428,1785855142098193516
66503283429,1785855142147845691
66553283430,1785855142198339911
66603283430,1785855142247976509
66653283431,1785855142298508824
66703283432,1785855142348881801
66753283433,1785855142398368635
66803283433,1785855142449031712
66853283434,1785855142499012935
66903283435,1785855142548834171
66953283436,1785855142598885775
67003283436,1785855142648594306
67053283437,1785855142698521769
67103283438,1785855142749991754
67153283439,1785855142799067315
67203283439,1785855142849457865
67253283440,1785855142899886207
67303283441,1785855142949516884
67353283442,1785855142999521315
67403283442,1785855143050640248
67453283443,1785855143099365917
67503283444,1785855143150286345
67553283445,1785855143201035866
67603283445,1785855143250268004
67653283446,1785855143300644521
67703283447,1785855143351749591
67753283448,1785855143400480212
67803283448,1785855143450905203
67853283449,1785855143501036213
67903283450,1785855143550877310
67953283451,1785855143600901571
68003283451,1785855143651585992
68053283452,1785855143700848320
68103283453,1785855143750731700
68153283454,1785855143801434666
68203283454,1785855143852833735
68253283455,1785855143901896021
68303283456,1785855143951822162
68353283457,1785855144003547351
68403283457,1785855144052144857
68453283458,1785855144102881896
68503283459,1785855144152578090
68553283460,1785855144202961423
68603283460,1785855144253473477
68653283461,1785855144303382663
68703283462,1785855144353971547
68753283463,1785855144403302261
68803283463,1785855144453583281
68853283464,1785855144504496628
68903283465,1785855144554070116
68953283466,1785855144603718620
69003283466,1785855144654909198
69053283467,1785855144704137370
69103283468,1785855144754329165
69153283468,1785855144805283154
69203283469,1785855144854841454
69253283470,1785855144905425099
69303283471,1785855144955809799
69353283471,1785855145005217625
69403283472,1785855145055885421
69453283473,1785855145106372513
69503283474,1785855145154899135
69553283474,1785855145205053366
69603283475,1785855145256027275
69653283476,1785855145306326681
69703283477,1785855145356920444
69753283477,1785855145407173074
69803283478,1785855145456064693
69853283479,1785855145506687952
69903283480,1785855145557046150
69953283480,1785855145607075249
70003283481,1785855145656796766
70053283482,1785855145706742452
70103283483,1785855145757839867
70153283483,1785855145807210581
70203283484,1785855145857209308
70253283485,1785855145907070114
70303283486,1785855145956911566
70353283486,1785855146006911961
70403283487,1785855146058254898
70453283488,1785855146107745625
70503283489,1785855146157036336
70553283489,1785855146209050527
70603283490,1785855146258209016
70653283491,1785855146308278405
70703283492,1785855146358363490
70753283492,1785855146409423777
70803283493,1785855146458667853
70853283494,1785855146508752723
70903283495,1785855146559581831
70953283495,1785855146608922811
71003283496,1785855146658587341
71053283497,1785855146709283749
71103283498,1785855146759169094
71153283498,1785855146809913068
71203283499,1785855146859574853
71253283500,1785855146910123972
71303283501,1785855146960799259
71353283501,1785855147009794282
71403283502,1785855147060497612
71453283503,1785855147109834712
71503283504,1785855147159694237
71553283504,1785855147210275017
71603283505,1785855147260784306
71653283506,1785855147310515750
71703283506,1785855147361133400
71753283507,1785855147410687231
71803283508,1785855147460722679
71853283509,1785855147511200535
71903283509,1785855147561351194
71953283510,1785855147610909907
72003283511,1785855147660907614
72053283512,1785855147711752855
72103283512,1785855147761229481
72153283513,1785855147811135756
72203283514,1785855147862045581
72253283515,1785855147911433258
72303283515,1785855147961899597
72353283516,1785855148012375356
72403283517,1785855148062604109
72453283518,1785855148111906029
72503283518,1785855148161995850
72553283519,1785855148212681184
72603283520,1785855148262123710
72653283521,1785855148312062854
72703283521,1785855148362894370
72753283522,1785855148412679042
72803283523,1785855148462680687
72853283524,1785855148513631892
72903283524,1785855148563448232
72953283525,1785855148613427402
73003283526,1785855148664279363
73053283527,1785855148713533933
73103283527,1785855148763584836
73153283528,1785855148814827682
73203283529,1785855148863492328
73253283530,1785855148914043053
73303283530,1785855148965128046
73353283531,1785855149014870097
73403283532,1785855149065188603
73453283533,1785855149114199517
73503283533,1785855149164826044
73553283534,1785855149214733051
73603283535,1785855149264696510
73653283536,1785855149315511593
73703283536,1785855149365132717
73753283537,1785855149415694216
73803283538,1785855149465823625
73853283539,1785855149515833299
73903283539,1785855149566280111
73953283540,1785855149616329241
74003283541,1785855149666507615
74053283542,1785855149715912344
74103283542,1785855149766827759
74153283543,1785855149817068820
74203283544,1785855149866597349
74253283544,1785855149916668960
74303283545,1785855149967643062
74353283546,1785855150016645116
74403283547,1785855150067742319
74453283547,1785855150117300942
74503283548,1785855150167824384
74553283549,1785855150217759063
74603283550,1785855150267983496
74653283550,1785855150317790153
74703283551,1785855150368282048
74753283552,1785855150418120647
74803283553,1785855150468911721
74853283553,1785855150518785792
74903283554,1785855150569292075
74953283555,1785855150619056245
75003283556,1785855150668917332
75053283556,1785855150719914831
75103283557,1785855150769287035
75153283558,1785855150819343961
75203283559,1785855150870131834
75253283559,1785855150919375817
75303283560,1785855150969575495
75353283561,1785855151020884381
75403283562,1785855151070432675
75453283562,1785855151120371774
75503283563,1785855151170905364
75553283564,1785855151219715747
75603283565,1785855151270672828
75653283565,1785855151321145702
75703283566,1785855151370814616
75753283567,1785855151420995236
75803283568,1785855151471344789
75853283568,1785855151521227695
75903283569,1785855151571736959
75953283570,1785855151621498019
76003283571,1785855151671382718
76053283571,1785855151721825749
76103283572,1785855151771988269
76153283573,1785855151822126664
76203283574,1785855151872228828
76253283574,1785855151922061148
76303283575,1785855151972526744
76353283576,1785855152022452532
76403283577,1785855152072920162
76453283577,1785855152122663438
76503283578,1785855152172366778
76553283579,1785855152222151407
76603283579,1785855152272682185
76653283580,1785855152324039025
76703283581,1785855152373309019
76753283582,1785855152423214945
76803283582,1785855152473540356
76853283583,1785855152523922178
76903283584,1785855152573701831
76953283585,1785855152623495367
77003283585,1785855152674143437
77053283586,1785855152723684553
77103283587,1785855152774167367
77153283588,1785855152824838114
77203283588,1785855152874596533
77253283589,1785855152923975398
77303283590,1785855152975730098
77353283591,1785855153025375995
77403283591,1785855153075303415
77453283592,1785855153125525510
77503283593,1785855153174900131
77553283594,1785855153225367118
77603283594,1785855153276372361
77653283595,1785855153326216408
77703283596,1785855153375526927
77753283597,1785855153426366271
77803283597,1785855153476132463
77853283598,1785855153526220284
77903283599,1785855153576110499
77953283600,1785855153627045408
78003283600,1785855153676797948
78053283601,1785855153726677162
78103283602,1785855153777236103
78153283603,1785855153827207709
78203283603,1785855153876914736
78253283604,1785855153927064620
78303283605,1785855153977065935
78353283606,1785855154027526380
78403283606,1785855154077204642
78453283607,1785855154127768835
78503283608,1785855154178124286
78553283609,1785855154227282147
78603283609,1785855154278142197
78653283610,1785855154328296382
78703283611,1785855154378213110
78753283612,1785855154428196997
78803283612,1785855154478919952
78853283613,1785855154528889985
78903283614,1785855154578887320
78953283615,1785855154629228245
79003283615,1785855154679359715
79053283616,1785855154729370822
79103283617,1785855154779431885
79153283617,1785855154830676101
79203283618,1785855154880062014
79253283619,1785855154929348354
79303283620,1785855154980665714
79353283620,1785855155029821759
79403283621,1785855155079712744
79453283622,1785855155130431150
79503283623,1785855155179624448
79553283623,1785855155229877755
79603283624,1785855155281044923
79653283625,1785855155330185932
79703283626,1785855155380498254
79753283626,1785855155431067057
79803283627,1785855155480886428
79853283628,1785855155531433779
79903283629,1785855155581128419
79953283629,1785855155631517082
80003283630,1785855155681522782
80053283631,1785855155731442057
80103283632,1785855155782284884
80153283632,1785855155831670742
80203283633,1785855155881619204
80253283634,1785855155932476713
80303283635,1785855155982983853
80353283635,1785855156033053368
80403283636,1785855156081972594
80453283637,1785855156133097050
80503283638,1785855156182679777
80553283638,1785855156233339779
80603283639,1785855156282921468
80653283640,1785855156333926184
80703283641,1785855156383757622
80753283641,1785855156433484854
80803283642,1785855156483852624
80853283643,1785855156534344886
80903283644,1785855156584432732
80953283644,1785855156633850792
81003283645,1785855156684095934
81053283646,1785855156735189763
81103283647,1785855156784517801
81153283647,1785855156834707799
81203283648,1785855156884291936
81253283649,1785855156934975350
81303283650,1785855156984805574
81353283650,1785855157036134235
81403283651,1785855157085371588
81453283652,1785855157135745532
81503283653,1785855157185359848
81553283653,1785855157236120501
81603283654,1785855157286338375
81653283655,1785855157337337441
81703283655,1785855157386069482
81753283656,1785855157436754348
81803283657,1785855157487222195
81853283658,1785855157535913142
81903283658,1785855157585781765
81953283659,1785855157635871813
82003283660,1785855157686831698
82053283661,1785855157737282567
82103283661,1785855157787341033
82153283662,1785855157837603931
82203283663,1785855157886923062
82253283664,1785855157937224645
82303283664,1785855157987673271
82353283665,1785855158037212483
82403283666,1785855158086976708
82453283667,1785855158137520759
82503283667,1785855158188285049
82553283668,1785855158237426417
82603283669,1785855158288359404
82653283670,1785855158338360586
82703283670,1785855158388671508
82753283671,1785855158438053307
82803283672,1785855158488012021
82853283673,1785855158539156544
82903283673,1785855158589034949
82953283674,1785855158638791212
83003283675,1785855158689372818
83053283676,1785855158740032634
83103283676,1785855158789202344
83153283677,1785855158839421052
83203283678,1785855158889456973
83253283679,1785855158940061566
83303283679,1785855158990072886
83353283680,1785855159040156099
83403283681,1785855159090679053
83453283682,1785855159140066823
83503283682,1785855159190980486
83553283683,1785855159240979117
83603283684,1785855159291170964
83653283685,1785855159340215882
83703283685,1785855159391865697
83753283686,1785855159441607192
83803283687,1785855159491529496
83853283688,1785855159542215633
83903283688,1785855159591675157
83953283689,1785855159641589415
84003283690,1785855159691368219
84053283691,1785855159742621779
84103283691,1785855159792225527
84153283692,1785855159841806590
84203283693,1785855159891729563
84253283693,1785855159942538177
84303283694,1785855159992217432
84353283695,1785855160042821944
84403283696,1785855160093818478
84453283696,1785855160142979307
84503283697,1785855160192912089
84553283698,1785855160242916615
84603283699,1785855160293969775
84653283699,1785855160343195383
84703283700,1785855160393132206
84753283701,1785855160444132313
84803283702,1785855160494032199
84853283702,1785855160543141915
84903283703,1785855160595245018
84953283704,1785855160644999276
85003283705,1785855160694652955
85053283705,1785855160744912346
85103283706,1785855160794995519
85153283707,1785855160844774565
85203283708,1785855160894909874
85253283708,1785855160945902972
85303283709,1785855160994859358
85353283710,1785855161045440339
85403283711,1785855161096130174
85453283711,1785855161145579829
85503283712,1785855161196776183
85553283713,1785855161246330146
85603283714,1785855161296274669
85653283714,1785855161345974787
85703283715,1785855161396916421
85753283716,1785855161446591087
85803283717,1785855161496811143
85853283717,1785855161547278867
85903283718,1785855161597121819
85953283719,1785855161646742554
86003283720,1785855161697577376
86053283720,1785855161747054068
86103283721,1785855161797516008
86153283722,1785855161848445012
86203283723,1785855161897483840
86253283723,1785855161947977603
86303283724,1785855161998675441
86353283725,1785855162048000968
86403283726,1785855162098214135
86453283726,1785855162148979167
86503283727,1785855162199163154
86553283728,1785855162248299183
86603283729,1785855162299897433
86653283729,1785855162349165628
86703283730,1785855162399069204
86753283731,1785855162449974074
86803283731,1785855162499615093
86853283732,1785855162550370815
86903283733,1785855162599529710
86953283734,1785855162650291971
87003283734,1785855162700298757
87053283735,1785855162750119725
87103283736,1785855162800908505
87153283737,1785855162850668609
87203283737,1785855162900616134
87253283738,1785855162950671985
87303283739,1785855163001442572
87353283740,1785855163050517499
87403283740,1785855163100520126
87453283741,1785855163151275176
87503283742,1785855163200847687
87553283743,1785855163251213876
87603283743,1785855163302127981
87653283744,1785855163351588724
87703283745,1785855163402657011
87753283746,1785855163452463710
87803283746,1785855163502437849
87853283747,1785855163552288562
87903283748,1785855163603217735
87953283749,1785855163653203515
88003283749,1785855163702789168
88053283750,1785855163753365975
88103283751,1785855163803373068
88153283752,1785855163853425330
88203283752,1785855163904267994
88253283753,1785855163954051654
88303283754,1785855164003822615
88353283755,1785855164054579715
88403283755,1785855164103343967
88453283756,1785855164153578022
88503283757,1785855164205050662
88553283758,1785855164254239115
88603283758,1785855164304271962
88653283759,1785855164355351887
88703283760,1785855164404522491
88753283761,1785855164454689543
88803283761,1785855164505493147
88853283762,1785855164554907698
88903283763,1785855164604367199
88953283764,1785855164655320349
89003283764,1785855164705289467
89053283765,1785855164754911892
89103283766,1785855164806069917
89153283767,1785855164855801744
89203283767,1785855164905342502
89253283768,1785855164956442684
89303283769,1785855165005755942
89353283769,1785855165056233973
89403283770,1785855165106864685
89453283771,1785855165155678116
89503283772,1785855165205660701
89553283772,1785855165257750721
89603283773,1785855165307052000
89653283774,1785855165356780504
89703283775,1785855165407524554
89753283775,1785855165457586281
89803283776,1785855165507497049
89853283777,1785855165557657051
89903283778,1785855165607058517
89953283778,1785855165657655758
90003283779,1785855165708922423
90053283780,1785855165757673343
90103283781,1785855165808063797
90153283781,1785855165859138944
90203283782,1785855165908446380
90253283783,1785855165957731379
90303283784,1785855166009280466
90353283784,1785855166058367831
90403283785,1785855166108730880
90453283786,1785855166158907958
90503283787,1785855166208754802
90553283787,1785855166258801059
90603283788,1785855166309430611
90653283789,1785855166358660763
90703283790,1785855166409826549
90753283790,1785855166460452954
90803283791,1785855166510370928
90853283792,1785855166560914060
90903283793,1785855166610975011
90953283793,1785855166661594378
91003283794,1785855166710827135
91053283795,1785855166760369453
91103283796,1785855166811529400
91153283796,1785855166860680069
91203283797,1785855166910844622
91253283798,1785855166962452683
91303283799,1785855167010821553
91353283799,1785855167061590313
91403283800,1785855167111664551
91453283801,1785855167161921811
91503283802,1785855167211214938
91553283802,1785855167261337588
91603283803,1785855167312544102
91653283804,1785855167361910549
91703283805,1785855167411894190
91753283805,1785855167463202212
91803283806,1785855167512738454
91853283807,1785855167562404483
91903283807,1785855167612913972
91953283808,1785855167663135783
92003283809,1785855167712749840
92053283810,1785855167763315247
92103283810,1785855167813674206
92153283811,1785855167863382943
92203283812,1785855167913904918
92253283813,1785855167963122061
92303283813,1785855168014524756
92353283814,1785855168064178289
92403283815,1785855168113601442
92453283816,1785855168163595036
92503283816,1785855168214365304
92553283817,1785855168263728361
92603283818,1785855168313970644
92653283819,1785855168364911657
92703283819,1785855168414519705
92753283820,1785855168465067194
92803283821,1785855168515517056
92853283822,1785855168565720471
92903283822,1785855168614666682
92953283823,1785855168664970908
93003283824,1785855168716205900
93053283825,1785855168765280864
93103283825,1785855168815644795
93153283826,1785855168865976493
93203283827,1785855168915661474
93253283828,1785855168965312432
93303283828,1785855169016040663
93353283829,1785855169066297791
93403283830,1785855169116529476
93453283831,1785855169166736091
93503283831,1785855169216282029
93553283832,1785855169267065134
93603283833,1785855169317438253
93653283834,1785855169367052758
93703283834,1785855169417066358
93753283835,1785855169467202933
93803283836,1785855169518224675
93853283837,1785855169567056851
93903283837,1785855169618070299
93953283838,1785855169668630678
94003283839,1785855169718060531
94053283840,1785855169768522664
94103283840,1785855169818639572
94153283841,1785855169869223637
94203283842,1785855169918924467
94253283843,1785855169968733684
94303283843,1785855170020155806
94353283844,1785855170068888193
94403283845,1785855170119374025
94453283845,1785855170168734859
94503283846,1785855170219681141
94553283847,1785855170269374438
94603283848,1785855170319510103
94653283848,1785855170370273463
94703283849,1785855170419913506
94753283850,1785855170469882669
94803283851,1785855170519675449
94853283851,1785855170570806661
94903283852,1785855170619812815
94953283853,1785855170670380527
95003283854,1785855170721489771
95053283854,1785855170771190263
95103283855,1785855170820451414
95153283856,1785855170871389727
95203283857,1785855170920544068
95253283857,1785855170971142135
95303283858,1785855171022475381
95353283859,1785855171071518709
95403283860,1785855171122255449
95453283860,1785855171170981989
95503283861,1785855171222040276
95553283862,1785855171271688618
95603283863,1785855171321523201
95653283863,1785855171372612709
95703283864,1785855171422370457
95753283865,1785855171472216476
95803283866,1785855171522910934
95853283866,1785855171572054322
95903283867,1785855171622064993
95953283868,1785855171673360751
96003283869,1785855171721910902
96053283869,1785855171773606575
96103283870,1785855171823896219
96153283871,1785855171873530708
96203283872,1785855171922917884
96253283872,1785855171974051004
96303283873,1785855172024335605
96353283874,1785855172073742377
96403283875,1785855172124640391
96453283875,1785855172173367899
96503283876,1785855172223735805
96553283877,1785855172275061204
96603283878,1785855172324633869
96653283878,1785855172374818729
96703283879,1785855172426061486
96753283880,1785855172475292657
96803283881,1785855172524620542
96853283881,1785855172574973686
96903283882,1785855172625062462
96953283883,1785855172674993983
97003283883,1785855172726381463
97053283884,1785855172775917442
97103283885,1785855172826440657
97153283886,1785855172875628951
97203283886,1785855172926760678
97253283887,1785855172976440593
97303283888,1785855173026187426
97353283889,1785855173076914518
97403283889,1785855173127652152
97453283890,1785855173176216912
97503283891,1785855173226729416
97553283892,1785855173276608624
97603283892,1785855173326788297
97653283893,1785855173377065804
97703283894,1785855173427832182
97753283895,1785855173477184094
97803283895,1785855173527370790
97853283896,1785855173578811733
97903283897,1785855173627683063
97953283898,1785855173677909108
98003283898,1785855173728500629
98053283899,1785855173778179554
98103283900,1785855173827699902
98153283901,1785855173879037873
98203283901,1785855173928274689
98253283902,1785855173978651924
98303283903,1785855174028124068
98353283904,1785855174079731483
98403283904,1785855174128377640
98453283905,1785855174178226489
98503283906,1785855174229140494
98553283907,1785855174278837337
98603283907,1785855174328752521
98653283908,1785855174379977805
98703283909,1785855174430056909
98753283910,1785855174479676668
98803283910,1785855174530079450
98853283911,1785855174580084870
98903283912,1785855174629677393
98953283913,1785855174680590473
99003283913,1785855174730368405
99053283914,1785855174781435771
99103283915,1785855174830347448
99153283916,1785855174881682257
99203283916,1785855174930670341
99253283917,1785855174980915424
99303283918,1785855175032066212
99353283919,1785855175081154381
99403283919,1785855175131738644
99453283920,1785855175183214184
99503283921,1785855175231221497
99553283921,1785855175282496461
99603283922,1785855175332977408
99653283923,1785855175382902139
99703283924,1785855175432571465
99753283924,1785855175482912759
99803283925,1785855175532818928
99853283926,1785855175583299831
99903283927,1785855175633932065
99953283927,1785855175683279616
100003283928,1785855175732980220
100053283929,1785855175783439134
100103283930,1785855175834713597
100153283930,1785855175883611886
100203283931,1785855175934529234
100253283932,1785855175985525781
100303283933,1785855176034887335
100353283933,1785855176084885481
100403283934,1785855176135515570
100453283935,1785855176184525107
100503283936,1785855176235205138
100553283936,1785855176286040776
100603283937,1785855176335754097
100653283938,1785855176385749793
100703283939,1785855176436440454
100753283939,1785855176485693887
100803283940,1785855176535830793
100853283941,1785855176586774812
100903283942,1785855176636137771
100953283942,1785855176687117813
101003283943,1785855176736975721
101053283944,1785855176786859436
101103283945,1785855176836370841
101153283945,1785855176887578808
101203283946,1785855176937036429
101253283947,1785855176987125995
101303283948,1785855177038485196
101353283948,1785855177086918282
101403283949,1785855177136990008
101453283950,1785855177187434681
101503283951,1785855177237438787
101553283951,1785855177287225236
101603283952,1785855177337728450
101653283953,1785855177388489202
101703283954,1785855177438276911
101753283954,1785855177488033027
101803283955,1785855177538124957
101853283956,1785855177589731161
101903283956,1785855177639577280
101953283957,1785855177688719651
102003283958,1785855177739238440
102053283959,1785855177789830383
102103283959,1785855177838920466
102153283960,1785855177889590629
102203283961,1785855177940148076
102253283962,1785855177989229217
102303283962,1785855178039509768
102353283963,1785855178089564929
102403283964,1785855178139919020
102453283965,1785855178189585040
102503283965,1785855178239652575
102553283966,1785855178289813886
102603283967,1785855178340432035
102653283968,1785855178389824204
102703283968,1785855178441037511
102753283969,1785855178490198743
102803283970,1785855178541142108
102853283971,1785855178591726325
102903283971,1785855178640620076
102953283972,1785855178691672179
103003283973,1785855178742135324
103053283974,1785855178791435601
103103283974,1785855178841327911
103153283975,1785855178891523920
103203283976,1785855178943032834
103253283977,1785855178992142735
103303283977,1785855179041925153
103353283978,1785855179092187465
103403283979,1785855179142909482
103453283980,1785855179192148004
103503283980,1785855179243136501
103553283981,1785855179293472176
103603283982,1785855179343912630
103653283983,1785855179393857220
103703283983,1785855179443307920
103753283984,1785855179494494518
103803283985,1785855179543214223
103853283986,1785855179593665746
103903283986,1785855179644344277
103953283987,1785855179693861995
104003283988,1785855179743913857
104053283989,1785855179794432754
104103283989,1785855179843975873
104153283990,1785855179894732331
104203283991,1785855179944640802
104253283992,1785855179994199002
104303283992,1785855180044643687
104353283993,1785855180095281298
104403283994,1785855180144157096
104453283994,1785855180194365814
104503283995,1785855180245341847
104553283996,1785855180294382032
104603283997,1785855180345195527
104653283997,1785855180395968149
104703283998,1785855180445053298
104753283999,1785855180495878033
104803284000,1785855180546880634
104853284000,1785855180595912762
104903284001,1785855180645678779
104953284002,1785855180696118903
105003284003,1785855180746270088
105053284003,1785855180796275686
105103284004,1785855180846307743
105153284005,1785855180895975486
105203284006,1785855180947368408
105253284006,1785855180996224913
105303284007,1785855181046739466
105353284008,1785855181098027108
105403284009,1785855181146929972
105453284009,1785855181196488887
105503284010,1785855181247300251
105553284011,1785855181296908792
105603284012,1785855181347520855
105653284012,1785855181397765311
105703284013,1785855181447578720
105753284014,1785855181498706053
105803284015,1785855181549430035
105853284015,1785855181598065294
105903284016,1785855181648976114
105953284017,1785855181699360477
106003284018,1785855181749190887
106053284018,1785855181798824509
106103284019,1785855181848641996
106153284020,1785855181900127329
106203284021,1785855181949590634
106253284021,1785855181999524530
106303284022,1785855182050511359
106353284023,1785855182099213648
106403284024,1785855182149676865
106453284024,1785855182200364123
106503284025,1785855182251035488
106553284026,1785855182300309488
106603284027,1785855182349829551
106653284027,1785855182401219103
106703284028,1785855182450468594
106753284029,1785855182501121906
106803284030,1785855182551731235
106853284030,1785855182601043831
106903284031,1785855182651367151
106953284032,1785855182701733576
107003284032,1785855182751432642
107053284033,1785855182801492715
107103284034,1785855182852265750
107153284035,1785855182901520868
107203284035,1785855182950963558
107253284036,1785855183002659629
107303284037,1785855183051522288
107353284038,1785855183101783163
107403284038,1785855183153505396
107453284039,1785855183201974576
107503284040,1785855183251731630
107553284041,1785855183302528537
107603284041,1785855183353013965
107653284042,1785855183403216899
107703284043,1785855183452784836
107753284044,1785855183503585190
107803284044,1785855183553787037
107853284045,1785855183604066202
107903284046,1785855183653823709
107953284047,1785855183703826119
108003284047,1785855183754266383
108053284048,1785855183803524422
108103284049,1785855183853829487
108153284050,1785855183904909419
108203284050,1785855183953726851
108253284051,1785855184004138292
108303284052,1785855184055279682
108353284053,1785855184104805418
108403284053,1785855184154894874
108453284054,1785855184205291935
108503284055,1785855184255063842
108553284056,1785855184304483820
108603284056,1785855184355507627
108653284057,1785855184405373055
108703284058,1785855184455972606
108753284059,1785855184506314228
108803284059,1785855184555726989
108853284060,1785855184605974059
108903284061,1785855184656811615
108953284062,1785855184706271310
109003284062,1785855184756673892
109053284063,1785855184807363143
109103284064,1785855184856582914
109153284065,1785855184906786862
109203284065,1785855184957227891
109253284066,1785855185006916238
109303284067,1785855185057654046
109353284068,1785855185109009109
109403284068,1785855185157369315
109453284069,1785855185208117112
109503284070,1785855185259386889
109553284070,1785855185309677746
109603284071,1785855185358339600
109653284072,1785855185410220652
109703284073,1785855185459046485
109753284073,1785855185508798826
109803284074,1785855185558736350
109853284075,1785855185609757933
109903284076,1785855185659279806
109953284076,1785855185709364546
110003284077,1785855185760434632
110053284078,1785855185809128794
110103284079,1785855185860403433
110153284079,1785855185910302906
110203284080,1785855185960460826
110253284081,1785855186010280142
110303284082,1785855186061286299
110353284082,1785855186110524718
110403284083,1785855186159823120
110453284084,1785855186211347690
110503284085,1785855186260824018
110553284085,1785855186310286445
110603284086,1785855186361507669
110653284087,1785855186410807334
110703284088,1785855186460901281
110753284088,1785855186511676182
110803284089,1785855186561222761
110853284090,1785855186611918369
110903284091,1785855186662296957
110953284091,1785855186711433972
111003284092,1785855186761473454
111053284093,1785855186812763888
111103284094,1785855186861985561
111153284094,1785855186912212722
111203284095,1785855186963294078
111253284096,1785855187012383492
111303284097,1785855187063136523
111353284097,1785855187112901285
111403284098,1785855187162840713
111453284099,1785855187213063675
111503284100,1785855187263828051
111553284100,1785855187313340102
111603284101,1785855187362916914
111653284102,1785855187413750431
111703284103,1785855187463579682
111753284103,1785855187514377918
111803284104,1785855187564980638
111853284105,1785855187613805034
111903284106,1785855187664189254
111953284106,1785855187714523375
112003284107,1785855187764430519
112053284108,1785855187814208193
112103284108,1785855187865035989
112153284109,1785855187914065032
112203284110,1785855187964606700
112253284111,1785855188015285584
112303284111,1785855188064958660
112353284112,1785855188114751942
112403284113,1785855188165695895
112453284114,1785855188215126736
112503284114,1785855188265479671
112553284115,1785855188315504564
112603284116,1785855188366072777
112653284117,1785855188415672497
112703284117,1785855188465527392
112753284118,1785855188516985791
112803284119,1785855188566126001
112853284120,1785855188616473985
112903284120,1785855188667067118
112953284121,1785855188716347537
113003284122,1785855188766429812
113053284123,1785855188816976680
113103284123,1785855188866502691
113153284124,1785855188917130218
113203284125,1785855188966456789
113253284126,1785855189017702174
113303284126,1785855189067291076
113353284127,1785855189117729681
113403284128,1785855189167427347
113453284129,1785855189218134678
113503284129,1785855189267735712
113553284130,1785855189317436789
113603284131,1785855189367912143
113653284132,1785855189418523762
113703284132,1785855189468828383
113753284133,1785855189518130312
113803284134,1785855189568978826
113853284135,1785855189618652223
113903284135,1785855189668461495
113953284136,1785855189719670041
114003284137,1785855189769204901
114053284138,1785855189819328930
114103284138,1785855189868977129
114153284139,1785855189920352934
114203284140,1785855189969826616
114253284141,1785855190020002374
114303284141,1785855190070068176
114353284142,1785855190120354727
114403284143,1785855190170363488
114453284144,1785855190220440393
114503284144,1785855190271188313
114553284145,1785855190320370753
114603284146,1785855190370779088
114653284146,1785855190420680637
114703284147,1785855190471478916
114753284148,1785855190520682958
114803284149,1785855190570518888
114853284149,1785855190621734844
114903284150,1785855190671127198
114953284151,1785855190721362725
115003284152,1785855190771757082
115053284152,1785855190821065536
115103284153,1785855190871812227
115153284154,1785855190922039193
115203284155,1785855190971432846
115253284155,1785855191021822937
115303284156,1785855191072657044
115353284157,1785855191122872252
115403284158,1785855191172400343
115453284158,1785855191223061503
115503284159,1785855191272353061
115553284160,1785855191322279876
115603284161,1785855191373072546
115653284161,1785855191422916620
115703284162,1785855191472681045
115753284163,1785855191523422555
115803284164,1785855191573669945
115853284164,1785855191623379234
115903284165,1785855191674057281
115953284166,1785855191723440154
116003284167,1785855191774017095
116053284167,1785855191824524966
116103284168,1785855191874304729
116153284169,1785855191924371697
116203284170,1785855191973914807
116253284170,1785855192025906113
116303284171,1785855192074366807
116353284172,1785855192124803989
116403284173,1785855192175536121
116453284173,1785855192224836683
116503284174,1785855192274916219
116553284175,1785855192324968615
116603284176,1785855192375744826
116653284176,1785855192425823563
116703284177,1785855192475433443
116753284178,1785855192526065381
116803284179,1785855192576504217
116853284179,1785855192626350389
116903284180,1785855192676362491
116953284181,1785855192726593689
117003284182,1785855192777066569
117053284182,1785855192826383670
117103284183,1785855192877212488
117153284184,1785855192926976766
117203284184,1785855192976650649
117253284185,1785855193028047364
117303284186,1785855193077050695
117353284187,1785855193127130512
117403284187,1785855193177909543
117453284188,1785855193227736069
117503284189,1785855193277682282
117553284190,1785855193327993265
117603284190,1785855193377496177
117653284191,1785855193428195975
117703284192,1785855193478183094
117753284193,1785855193528499059
117803284193,1785855193578588724
117853284194,1785855193628363814
117903284195,1785855193678308352
117953284196,1785855193730218099
118003284196,1785855193779367863
118053284197,1785855193829787271
118103284198,1785855193879985519
118153284199,1785855193929220050
118203284199,1785855193979734188
118253284200,1785855194029920796
118303284201,1785855194080918650
118353284202,1785855194130274663
118403284202,1785855194179801749
118453284203,1785855194230576697
118503284204,1785855194280763496
118553284205,1785855194330226131
118603284205,1785855194381271805
118653284206,1785855194431132939
118703284207,1785855194481167222
118753284208,1785855194531829645
118803284208,1785855194581205612
118853284209,1785855194631385898
118903284210,1785855194682365527
118953284211,1785855194731675777
119003284211,1785855194781734161
119053284212,1785855194831821837
119103284213,1785855194882273336
119153284214,1785855194931770038
119203284214,1785855194982171915
119253284215,1785855195032719478
119303284216,1785855195082349367
119353284217,1785855195132049899
119403284217,1785855195182608956
119453284218,1785855195232818610
119503284219,1785855195282821811
119553284220,1785855195333734078
119603284220,1785855195383641878
119653284221,1785855195433522100
119703284222,1785855195483659543
119753284222,1785855195534322508
119803284223,1785855195583511317
119853284224,1785855195633754936
119903284225,1785855195683810351
119953284225,1785855195734115935
120003284226,1785855195783516648
120053284227,1785855195834782739
120103284228,1785855195884070220
120153284228,1785855195934125193
120203284229,1785855195984909675
120253284230,1785855196034369874
120303284231,1785855196084532774
120353284231,1785855196133821829
120403284232,1785855196185826126
120453284233,1785855196234824212
120503284234,1785855196284899685
120553284234,1785855196334733935
120603284235,1785855196385815290
120653284236,1785855196435434838
120703284237,1785855196486059809
120753284237,1785855196535805439
120803284238,1785855196585913852
120853284239,1785855196635212981
120903284240,1785855196686543751
120953284240,1785855196736059927
121003284241,1785855196785742377
121053284242,1785855196837377309
121103284243,1785855196885759308
121153284243,1785855196936491885
121203284244,1785855196986374166
121253284245,1785855197036893807
121303284246,1785855197087335487
121353284246,1785855197136408281
121403284247,1785855197187612860
121453284248,1785855197236536439
121503284249,1785855197286500673
121553284249,1785855197337822296
121603284250,1785855197386788556
121653284251,1785855197438211199
121703284252,1785855197488068885
121753284252,1785855197537657941
121803284253,1785855197588059263
121853284254,1785855197637431215
121903284255,1785855197688217262
121953284255,1785855197738725217
122003284256,1785855197788395595
122053284257,1785855197838133684
122103284258,1785855197888574640
122153284258,1785855197938520106
122203284259,1785855197988579458
122253284260,1785855198039799998
122303284260,1785855198088620443
122353284261,1785855198138527447
122403284262,1785855198189909353
122453284263,1785855198239664394
122503284263,1785855198289222954
122553284264,1785855198340592017
122603284265,1785855198389284212
122653284266,1785855198439911249
122703284266,1785855198490596038
122753284267,1785855198539826309
122803284268,1785855198590537692
122853284269,1785855198640325430
122903284269,1785855198690733856
122953284270,1785855198741198059
123003284271,1785855198791044095
123053284272,1785855198840367633
123103284272,1785855198891135946
123153284273,1785855198940973423
123203284274,1785855198991190319
123253284275,1785855199040728342
123303284275,1785855199091179107
123353284276,1785855199141919526
123403284277,1785855199190813905
123453284278,1785855199242278050
123503284278,1785855199292373196
123553284279,1785855199341827073
123603284280,1785855199391791318
123653284281,1785855199442763139
123703284281,1785855199492744439
123753284282,1785855199542512072
123803284283,1785855199593068566
123853284284,1785855199643600381
123903284284,1785855199693492172
123953284285,1785855199743065932
124003284286,1785855199793522517
124053284287,1785855199844523338
124103284287,1785855199893916966
124153284288,1785855199943896417
124203284289,1785855199994898345
124253284290,1785855200044290091
124303284290,1785855200093778017
124353284291,1785855200144518172
124403284292,1785855200194353925
124453284293,1785855200244899535
124503284293,1785855200294800144
124553284294,1785855200344932520
124603284295,1785855200395067051
124653284296,1785855200444739750
124703284296,1785855200495271476
124753284297,1785855200545673617
124803284298,1785855200596043492
124853284298,1785855200645587456
124903284299,1785855200696311501
124953284300,1785855200745991947
125003284301,1785855200795819948
125053284301,1785855200846375376
125103284302,1785855200896125639
125153284303,1785855200946430323
125203284304,1785855200997608725
125253284304,1785855201047278981
125303284305,1785855201096662584
125353284306,1785855201147370178
125403284307,1785855201197673004
125453284307,1785855201247827728
125503284308,1785855201298065587
125553284309,1785855201347061499
125603284310,1785855201397369729
125653284310,1785855201447536563
125703284311,1785855201498730429
125753284312,1785855201547821675
125803284313,1785855201598385009
125853284313,1785855201648679379
125903284314,1785855201698351286
125953284315,1785855201748123991
126003284316,1785855201799594859
126053284316,1785855201848433470
126103284317,1785855201898682417
126153284318,1785855201949289561
126203284319,1785855201999038385
126253284319,1785855202049896544
126303284320,1785855202100197843
126353284321,1785855202149742592
126403284322,1785855202200401012
126453284322,1785855202251117087
126503284323,1785855202300488423
126553284324,1785855202350216566
126603284325,1785855202401377139
126653284325,1785855202451056303
126703284326,1785855202500429938
126753284327,1785855202551126073
126803284328,1785855202601385787
126853284328,1785855202650352907
126903284329,1785855202701279963
126953284330,1785855202752378796
127003284331,1785855202800913261
127053284331,1785855202851278576
127103284332,1785855202902588385
127153284333,1785855202952065955
127203284333,1785855203001612728
127253284334,1785855203052509542
127303284335,1785855203102064752
127353284336,1785855203151822308
127403284336,1785855203202840717
127453284337,1785855203252434896
127503284338,1785855203302893723
127553284339,1785855203353371052
127603284339,1785855203402677328
127653284340,1785855203453441451
127703284341,1785855203503730963
127753284342,1785855203553211049
127803284342,1785855203603283818
127853284343,1785855203654342025
127903284344,1785855203703788076
127953284345,1785855203753740636
128003284345,1785855203804279586
128053284346,1785855203855028437
128103284347,1785855203904510473
128153284348,1785855203954378429
128203284348,1785855204004981222
128253284349,1785855204055059465
128303284350,1785855204104812571
128353284351,1785855204155057665
128403284351,1785855204205612349
128453284352,1785855204254765270
128503284353,1785855204304743674
128553284354,1785855204355969017
128603284354,1785855204405082832
128653284355,1785855204456038927
128703284356,1785855204506827453
128753284357,1785855204555837086
128803284357,1785855204605654057
128853284358,1785855204656488583
128903284359,1785855204705910593
128953284360,1785855204755570200
129003284360,1785855204806997568
129053284361,1785855204856810769
129103284362,1785855204907206175
129153284363,1785855204957272758
129203284363,1785855205007044707
129253284364,1785855205057368470
129303284365,1785855205107282185
129353284366,1785855205157612224
129403284366,1785855205207976873
129453284367,1785855205257687445
129503284368,1785855205308276743
129553284369,1785855205358612429
129603284369,1785855205408926222
129653284370,1785855205458830320
129703284371,1785855205508453240
129753284371,1785855205557602736
129803284372,1785855205608846682
129853284373,1785855205658954381
129903284374,1785855205709282258
129953284374,1785855205758188746
130003284375,1785855205809439974
130053284376,1785855205859118673
130103284377,1785855205909069804
130153284377,1785855205959975797
130203284378,1785855206009447904
130253284379,1785855206059582542
130303284380,1785855206110194540
130353284380,1785855206159900519
130403284381,1785855206209885994
130453284382,1785855206260361107
130503284383,1785855206310553657
130553284383,1785855206360339372
130603284384,1785855206410197832
130653284385,1785855206460738938
130703284386,1785855206511737279
130753284386,1785855206561067524
130803284387,1785855206611283315
130853284388,1785855206661606117
130903284389,1785855206710804388
130953284389,1785855206761215173
131003284390,1785855206812015683
131053284391,1785855206860917852
131103284392,1785855206911584820
131153284392,1785855206962904076
131203284393,1785855207012527306
131253284394,1785855207062126987
131303284395,1785855207113137794
131353284395,1785855207161635113
131403284396,1785855207212671889
131453284397,1785855207263130777
131503284398,1785855207313918761
131553284398,1785855207363731598
131603284399,1785855207413213001
131653284400,1785855207464076519
131703284401,1785855207513501806
131753284401,1785855207563821150
131803284402,1785855207613122449
131853284403,1785855207664344834
131903284404,1785855207713668417
131953284404,1785855207763970591
132003284405,1785855207815062224
132053284406,1785855207864930350
132103284407,1785855207914740167
132153284407,1785855207965439730
132203284408,1785855208013925995
132253284409,1785855208064802897
132303284409,1785855208115809516
132353284410,1785855208165904359
132403284411,1785855208214789744
132453284412,1785855208266125586
132503284412,1785855208315827462
132553284413,1785855208366357342
132603284414,1785855208417388243
132653284415,1785855208466490644
132703284415,1785855208515867451
132753284416,1785855208566147796
132803284417,1785855208617224470
132853284418,1785855208666731958
132903284418,1785855208717017604
132953284419,1785855208766898252
133003284420,1785855208817820886
133053284421,1785855208867208504
133103284421,1785855208917064873
133153284422,1785855208967499410
133203284423,1785855209017732615
133253284424,1785855209068054486
133303284424,1785855209118758392
133353284425,1785855209167823477
133403284426,1785855209218365036
133453284427,1785855209268370272
133503284427,1785855209318364464
133553284428,1785855209368274650
133603284429,1785855209418902907
133653284430,1785855209469338816
133703284430,1785855209518916744
133753284431,1785855209568677998
133803284432,1785855209619354732
133853284433,1785855209670075510
133903284433,1785855209720343609
133953284434,1785855209769874131
134003284435,1785855209820282817
134053284436,1785855209870057419
134103284436,1785855209920373751
134153284437,1785855209970814327
134203284438,1785855210020228175
134253284439,1785855210071049222
134303284439,1785855210121675857
134353284440,1785855210171214283
134403284441,1785855210220728623
134453284442,1785855210271828370
134503284442,1785855210321444651
134553284443,1785855210371879755
134603284444,1785855210422496416
134653284445,1785855210471824485
134703284445,1785855210522220952
134753284446,1785855210572438325
134803284447,1785855210621915839
134853284447,1785855210672077747
134903284448,1785855210722426123
134953284449,1785855210772675696
135003284450,1785855210822067789
135053284450,1785855210872216244
135103284451,1785855210923043427
135153284452,1785855210972516394
135203284453,1785855211022962089
135253284453,1785855211073824031
135303284454,1785855211122404564
135353284455,1785855211172975681
135403284456,1785855211224043208
135453284456,1785855211273699708
135503284457,1785855211323676874
135553284458,1785855211373914584
135603284459,1785855211423794226
135653284459,1785855211473355805
135703284460,1785855211524432828
135753284461,1785855211573988130
135803284462,1785855211624368445
135853284462,1785855211674527043
135903284463,1785855211724659723
135953284464,1785855211774676056
136003284465,1785855211825217076
136053284465,1785855211875123724
136103284466,1785855211924622831
136153284467,1785855211975615003
136203284468,1785855212025134836
136253284468,1785855212076123347
136303284469,1785855212125125892
136353284470,1785855212175429415
136403284471,1785855212225980964
136453284471,1785855212275832964
136503284472,1785855212326198203
136553284473,1785855212376283724
136603284474,1785855212426977751
136653284474,1785855212476282094
136703284475,1785855212527220680
136753284476,1785855212577063137
136803284477,1785855212626833901
136853284477,1785855212677128983
136903284478,1785855212727740872
136953284479,1785855212777156746
137003284480,1785855212827185543
137053284480,1785855212878218773
137103284481,1785855212927605162
137153284482,1785855212977912879
137203284483,1785855213029345621
137253284483,1785855213077971018
137303284484,1785855213128885830
137353284485,1785855213179499069
137403284485,1785855213228747506
137453284486,1785855213278217060
137503284487,1785855213329436383
137553284488,1785855213378597522
137603284488,1785855213429363410
137653284489,1785855213479259511
137703284490,1785855213529379947
137753284491,1785855213579329048
137803284491,1785855213629766718
137853284492,1785855213679901394
137903284493,1785855213729681076
137953284494,1785855213780049757
138003284494,1785855213829376655
138053284495,1785855213879671269
138103284496,1785855213930223545
138153284497,1785855213979526089
138203284497,1785855214030319992
138253284498,1785855214081201554
138303284499,1785855214130553035
138353284500,1785855214180040112
138403284500,1785855214231064491
138453284501,1785855214281123779
138503284502,1785855214331038144
138553284503,1785855214381440688
138603284503,1785855214430526120
138653284504,1785855214480524372
138703284505,1785855214530776672
138753284506,1785855214581821356
138803284506,1785855214631608563
138853284507,1785855214682822731
138903284508,1785855214731820941
138953284509,1785855214782213780
139003284509,1785855214832219801
139053284510,1785855214881894237
139103284511,1785855214932914940
139153284512,1785855214982378640
139203284512,1785855215032914125
139253284513,1785855215083233308
139303284514,1785855215132450299
139353284515,1785855215182971532
139403284515,1785855215232681288
139453284516,1785855215284022896
139503284517,1785855215333582288
139553284518,1785855215384181896
139603284518,1785855215433348853
139653284519,1785855215484372168
139703284520,1785855215534745654
139753284521,1785855215584066696
139803284521,1785855215635042049
139853284522,1785855215684379621
139903284523,1785855215734214683
139953284523,1785855215785434131
140003284524,1785855215834647590
140053284525,1785855215884800993
140103284526,1785855215935384010
140153284526,1785855215985135523
140203284527,1785855216035073517
140253284528,1785855216086064576
140303284529,1785855216135054650
140353284529,1785855216186141896
140403284530,1785855216236281188
140453284531,1785855216286585809
140503284532,1785855216335527560
140553284532,1785855216387132893
140603284533,1785855216435825039
140653284534,1785855216485912447
140703284535,1785855216537606910
140753284535,1785855216586299303
140803284536,1785855216636734800
140853284537,1785855216687770275
140903284538,1785855216736981036
140953284538,1785855216786975419
141003284539,1785855216838129405
141053284540,1785855216887639881
141103284541,1785855216937736115
141153284541,1785855216989237790
141203284542,1785855217038608807
141253284543,1785855217087521681
141303284544,1785855217138644819
141353284544,1785855217187900703
141403284545,1785855217237914281
141453284546,1785855217289465382
141503284547,1785855217338347889
141553284547,1785855217389328241
141603284548,1785855217439667865
141653284549,1785855217489227834
141703284550,1785855217539490891
141753284550,1785855217589913762
141803284551,1785855217639746317
141853284552,1785855217689319813
141903284553,1785855217739366807
141953284553,1785855217789462522
142003284554,1785855217840181033
142053284555,1785855217890345616
142103284556,1785855217940342767
142153284556,1785855217990876440
142203284557,1785855218040093958
142253284558,1785855218090683541
142303284559,1785855218140142676
142353284559,1785855218191669216
142403284560,1785855218241369603
142453284561,1785855218291211944
142503284561,1785855218342037616
142553284562,1785855218391739783
142603284563,1785855218442367715
142653284564,1785855218492065440
142703284564,1785855218542188788
142753284565,1785855218592839004
142803284566,1785855218642364173
142853284567,1785855218692134843
142903284567,1785855218743147506
142953284568,1785855218792669074
143003284569,1785855218843066301
143053284570,1785855218894057262
143103284570,1785855218942764923
143153284571,1785855218992908905
143203284572,1785855219043060456
143253284573,1785855219093822122
143303284573,1785855219143523865
143353284574,1785855219193506263
143403284575,1785855219244673353
143453284576,1785855219294286761
143503284576,1785855219344353325
143553284577,1785855219394804112
143603284578,1785855219444739291
143653284579,1785855219494475001
143703284579,1785855219544725567
143753284580,1785855219595348293
143803284581,1785855219644591659
143853284582,1785855219694903983
143903284582,1785855219744366916
143953284583,1785855219795348630
144003284584,1785855219844798544
144053284585,1785855219894857242
144103284585,1785855219945124715
144153284586,1785855219995801504
