sample_system_ns,process,cpu_pct,rss_bytes,gpu_util_pct,vram_bytes,rtf,loadavg_1m
1785827658330887528,carla-server,0.0,13853442048,13.0,7476346880,-1,15.04
1785827658330887528,runner,0.0,49553408,-1.0,-1,-1,15.04
1785827658330887528,raycast-baseline,0.0,0,-1.0,-1,-1,15.04
1785827658330887528,injector,0.0,0,-1.0,-1,-1,15.04
1785827658330887528,autoware,0.0,2298748928,-1.0,-1,-1,15.04
1785827658330887528,observer,0.0,11165696,-1.0,-1,-1,15.04
1785827659331075035,carla-server,256.4374659514793,13853773824,14.0,7476346880,0.998492,15.04
1785827659331075035,runner,1.0008527976476118,49553408,-1.0,-1,0.998492,15.04
1785827659331075035,raycast-baseline,0.0,0,-1.0,-1,0.998492,15.04
1785827659331075035,injector,0.0,0,-1.0,-1,0.998492,15.04
1785827659331075035,autoware,122.16386404436325,2310361088,-1.0,-1,0.998492,15.04
1785827659331075035,observer,59.95828691349706,30023680,-1.0,-1,0.998492,15.04
1785827660330989855,carla-server,256.7019100350932,13853876224,14.0,7476346880,0.997280,15.04
1785827660330989855,runner,0.0,49561600,-1.0,-1,0.997280,15.04
1785827660330989855,raycast-baseline,0.0,0,-1.0,-1,0.997280,15.04
1785827660330989855,injector,0.0,0,-1.0,-1,0.997280,15.04
1785827660330989855,autoware,111.1984918306766,2311385088,-1.0,-1,0.997280,15.04
1785827660330989855,observer,1.8066767978255263,29827072,-1.0,-1,0.997280,15.04
1785827661330984852,carla-server,261.777725276565,13836214272,17.0,7461666816,0.997448,15.04
1785827661330984852,runner,1.0097164651987918,49561600,-1.0,-1,0.997448,15.04
1785827661330984852,raycast-baseline,0.0,0,-1.0,-1,0.997448,15.04
1785827661330984852,injector,0.0,35209216,-1.0,-1,0.997448,15.04
1785827661330984852,autoware,116.2194565839652,2314981376,-1.0,-1,0.997448,15.04
1785827661330984852,observer,1.8703189532248774,30334976,-1.0,-1,0.997448,15.04
1785827662330971093,carla-server,257.8884181271735,13836320768,20.0,7461666816,0.997391,15.04
1785827662330971093,runner,0.0,49561600,-1.0,-1,0.997391,15.04
1785827662330971093,raycast-baseline,0.0,0,-1.0,-1,0.997391,15.04
1785827662330971093,injector,0.9967678685467546,105504768,-1.0,-1,0.997391,15.04
1785827662330971093,autoware,195.46704707835062,2375397376,-1.0,-1,0.997391,15.04
1785827662330971093,observer,2.4521252439125867,30126080,-1.0,-1,0.997391,15.04
1785827663331035381,carla-server,262.9749003184881,13836357632,17.0,7443841024,0.997819,13.91
1785827663331035381,runner,0.9897826048199443,49565696,-1.0,-1,0.997819,13.91
1785827663331035381,raycast-baseline,0.0,0,-1.0,-1,0.997819,13.91
1785827663331035381,injector,27.771952197614418,105615360,-1.0,-1,0.997819,13.91
1785827663331035381,autoware,148.637377274481,2380185600,-1.0,-1,0.997819,13.91
1785827663331035381,observer,1.9763915758947364,30744576,-1.0,-1,0.997819,13.91
1785827664331021667,carla-server,261.1712991386805,13836390400,12.0,7443841024,0.998128,13.91
1785827664331021667,runner,1.0122797981956557,49565696,-1.0,-1,0.998128,13.91
1785827664331021667,raycast-baseline,0.0,0,-1.0,-1,0.998128,13.91
1785827664331021667,injector,26.31166746335737,105701376,-1.0,-1,0.998128,13.91
1785827664331021667,autoware,140.40351417912987,2383818752,-1.0,-1,0.998128,13.91
1785827664331021667,observer,1.8512071948101905,30121984,-1.0,-1,0.998128,13.91
1785827665331090495,carla-server,262.64022884935684,13836546048,13.0,7443841024,0.997426,13.91
1785827665331090495,runner,0.0,49565696,-1.0,-1,0.997426,13.91
1785827665331090495,raycast-baseline,0.0,0,-1.0,-1,0.997426,13.91
1785827665331090495,injector,25.91714979200328,70615040,-1.0,-1,0.997426,13.91
1785827665331090495,autoware,215.65228731454417,2432012288,-1.0,-1,0.997426,13.91
1785827665331090495,observer,2.4364452770989566,29638656,-1.0,-1,0.997426,13.91
1785827666330969552,carla-server,261.84959372674814,13833031680,17.0,7443841024,0.998670,13.91
1785827666330969552,runner,0.9923199161924554,49565696,-1.0,-1,0.998670,13.91
1785827666330969552,raycast-baseline,0.0,0,-1.0,-1,0.998670,13.91
1785827666330969552,injector,26.721109350156024,70737920,-1.0,-1,0.998670,13.91
1785827666330969552,autoware,173.1061908464203,2439802880,-1.0,-1,0.998670,13.91
1785827666330969552,observer,2.483209031211977,30199808,-1.0,-1,0.998670,13.91
1785827667330958317,carla-server,264.3121676902199,13833347072,15.0,7443841024,0.998109,13.91
1785827667330958317,runner,1.008256944812237,49565696,-1.0,-1,0.998109,13.91
1785827667330958317,raycast-baseline,0.0,0,-1.0,-1,0.998109,13.91
1785827667330958317,injector,28.281564782444885,70950912,-1.0,-1,0.998109,13.91
1785827667330958317,autoware,254.70944333305866,2586710016,-1.0,-1,0.998109,13.91
1785827667330958317,observer,2.7037667897331623,31358976,-1.0,-1,0.998109,13.91
1785827668330962286,carla-server,258.57997704583704,13833379840,15.0,7443841024,0.997695,12.96
1785827668330962286,runner,0.0,49565696,-1.0,-1,0.997695,12.96
1785827668330962286,raycast-baseline,0.0,0,-1.0,-1,0.997695,12.96
1785827668330962286,injector,27.109294972150057,70959104,-1.0,-1,0.997695,12.96
1785827668330962286,autoware,204.35015492581908,2642235392,-1.0,-1,0.997695,12.96
1785827668330962286,observer,2.3887965996262306,30949376,-1.0,-1,0.997695,12.96
1785827669330960993,carla-server,266.043203815483,13833412608,17.0,7443841024,0.999027,12.96
1785827669330960993,runner,0.9884410468414564,49569792,-1.0,-1,0.999027,12.96
1785827669330960993,raycast-baseline,0.0,0,-1.0,-1,0.999027,12.96
1785827669330960993,injector,26.642291587983408,70963200,-1.0,-1,0.999027,12.96
1785827669330960993,autoware,203.42898140660597,2660237312,-1.0,-1,0.999027,12.96
1785827669330960993,observer,2.4090613905556917,29900800,-1.0,-1,0.999027,12.96
1785827670330961267,carla-server,264.8778783191931,13833428992,15.0,7443841024,0.997903,12.96
1785827670330961267,runner,0.0,49569792,-1.0,-1,0.997903,12.96
1785827670330961267,raycast-baseline,0.0,0,-1.0,-1,0.997903,12.96
1785827670330961267,injector,25.00974444674704,70963200,-1.0,-1,0.997903,12.96
1785827670330961267,autoware,202.8174247248581,2680053760,-1.0,-1,0.997903,12.96
1785827670330961267,observer,2.289221607840256,30412800,-1.0,-1,0.997903,12.96
1785827671330971106,carla-server,261.20376165711485,13830660096,10.0,7443841024,0.997982,12.96
1785827671330971106,runner,2.003470054209204,49573888,-1.0,-1,0.997982,12.96
1785827671330971106,raycast-baseline,0.0,0,-1.0,-1,0.997982,12.96
1785827671330971106,injector,26.05925188525111,70967296,-1.0,-1,0.997982,12.96
1785827671330971106,autoware,203.64997450682424,2697314304,-1.0,-1,0.997982,12.96
1785827671330971106,observer,2.390906295880518,30662656,-1.0,-1,0.997982,12.96
1785827672331478119,carla-server,262.1660593904904,13831712768,15.0,7443841024,0.997806,12.96
1785827672331478119,runner,0.0,49577984,-1.0,-1,0.997806,12.96
1785827672331478119,raycast-baseline,0.0,0,-1.0,-1,0.997806,12.96
1785827672331478119,injector,26.98112600092502,70971392,-1.0,-1,0.997806,12.96
1785827672331478119,autoware,204.31071580334154,2691194880,-1.0,-1,0.997806,12.96
1785827672331478119,observer,2.423133959919804,30642176,-1.0,-1,0.997806,12.96
1785827673330967070,carla-server,265.17685154142816,13831745536,12.0,7443841024,0.998103,12.4
1785827673330967070,runner,0.0,49577984,-1.0,-1,0.998103,12.4
1785827673330967070,raycast-baseline,0.0,0,-1.0,-1,0.998103,12.4
1785827673330967070,injector,26.85467642862297,71000064,-1.0,-1,0.998103,12.4
1785827673330967070,autoware,246.49665860507207,2676129792,-1.0,-1,0.998103,12.4
1785827673330967070,observer,2.710349368394305,30666752,-1.0,-1,0.998103,12.4
1785827674330966930,carla-server,262.4812838446627,13831823360,12.0,7443841024,0.998563,12.4
1785827674330966930,runner,1.0015745493055432,49577984,-1.0,-1,0.998563,12.4
1785827674330966930,raycast-baseline,0.0,0,-1.0,-1,0.998563,12.4
1785827674330966930,injector,27.08365211173685,71090176,-1.0,-1,0.998563,12.4
1785827674330966930,autoware,288.674769887436,2715693056,-1.0,-1,0.998563,12.4
1785827674330966930,observer,3.3421741298275527,30863360,-1.0,-1,0.998563,12.4
1785827675330971179,carla-server,269.717989775566,13831729152,15.0,7443841024,0.997440,12.4
1785827675330971179,runner,0.0,49577984,-1.0,-1,0.997440,12.4
1785827675330971179,raycast-baseline,0.0,0,-1.0,-1,0.997440,12.4
1785827675330971179,injector,25.68855293463217,71098368,-1.0,-1,0.997440,12.4
1785827675330971179,autoware,200.94934219328255,2675388416,-1.0,-1,0.997440,12.4
1785827675330971179,observer,2.444488604804301,30375936,-1.0,-1,0.997440,12.4
1785827676330957502,carla-server,258.9934402269267,13831495680,15.0,7443841024,0.997472,12.4
1785827676330957502,runner,2.0292407360326794,49577984,-1.0,-1,0.997472,12.4
1785827676330957502,raycast-baseline,0.0,0,-1.0,-1,0.997472,12.4
1785827676330957502,injector,27.36154178721199,71098368,-1.0,-1,0.997472,12.4
1785827676330957502,autoware,204.1276370496004,2677829632,-1.0,-1,0.997472,12.4
1785827676330957502,observer,2.338114773314295,30998528,-1.0,-1,0.997472,12.4
1785827677330970244,carla-server,261.85402188048363,13827985408,12.0,7443841024,0.997166,12.4
1785827677330970244,runner,0.0,49577984,-1.0,-1,0.997166,12.4
1785827677330970244,raycast-baseline,0.0,0,-1.0,-1,0.997166,12.4
1785827677330970244,injector,23.93807662421729,71098368,-1.0,-1,0.997166,12.4
1785827677330970244,autoware,199.703376031001,2683883520,-1.0,-1,0.997166,12.4
1785827677330970244,observer,2.3386001265508827,30126080,-1.0,-1,0.997166,12.4
1785827678330962068,carla-server,265.0531677458057,13828001792,15.0,7443841024,0.997799,11.49
1785827678330962068,runner,0.0,49582080,-1.0,-1,0.997799,11.49
1785827678330962068,raycast-baseline,0.0,0,-1.0,-1,0.997799,11.49
1785827678330962068,injector,26.54394466454716,71102464,-1.0,-1,0.997799,11.49
1785827678330962068,autoware,199.82957208382848,2695921664,-1.0,-1,0.997799,11.49
1785827678330962068,observer,2.417278004691271,30367744,-1.0,-1,0.997799,11.49
1785827679330912727,carla-server,259.5389703258231,13826842624,17.0,7443841024,0.998105,11.49
1785827679330912727,runner,1.0069507757853045,49582080,-1.0,-1,0.998105,11.49
1785827679330912727,raycast-baseline,0.0,0,-1.0,-1,0.998105,11.49
1785827679330912727,injector,28.210145412966998,71106560,-1.0,-1,0.998105,11.49
1785827679330912727,autoware,203.69228046899988,2690740224,-1.0,-1,0.998105,11.49
1785827679330912727,observer,2.3108430742429187,30359552,-1.0,-1,0.998105,11.49
1785827680330992314,carla-server,260.15737500537,13826859008,16.0,7443841024,0.998025,11.49
1785827680330992314,runner,0.0,49582080,-1.0,-1,0.998025,11.49
1785827680330992314,raycast-baseline,0.0,0,-1.0,-1,0.998025,11.49
1785827680330992314,injector,27.370143973904614,71106560,-1.0,-1,0.998025,11.49
1785827680330992314,autoware,203.3341601952585,2691149824,-1.0,-1,0.998025,11.49
1785827680330992314,observer,2.4421047275861785,30982144,-1.0,-1,0.998025,11.49
1785827681330959236,carla-server,264.1615264848717,13826936832,14.0,7443841024,0.997786,11.49
1785827681330959236,runner,0.9963919918577193,49582080,-1.0,-1,0.997786,11.49
1785827681330959236,raycast-baseline,0.0,0,-1.0,-1,0.997786,11.49
1785827681330959236,injector,25.86547104676653,71110656,-1.0,-1,0.997786,11.49
1785827681330959236,autoware,200.92615050763598,2692259840,-1.0,-1,0.997786,11.49
1785827681330959236,observer,2.352981298759369,30978048,-1.0,-1,0.997786,11.49
1785827682330978724,carla-server,266.9978368637642,13826539520,16.0,7443841024,0.998130,11.49
1785827682330978724,runner,1.0034347289852035,49582080,-1.0,-1,0.998130,11.49
1785827682330978724,raycast-baseline,0.0,0,-1.0,-1,0.998130,11.49
1785827682330978724,injector,25.081776272257954,71188480,-1.0,-1,0.998130,11.49
1785827682330978724,autoware,227.9679640807152,2698121216,-1.0,-1,0.998130,11.49
1785827682330978724,observer,2.8702367481221835,31088640,-1.0,-1,0.998130,11.49
1785827683331050385,carla-server,264.38640029654806,13826084864,19.0,7443841024,0.997410,10.65
1785827683331050385,runner,0.0,49582080,-1.0,-1,0.997410,10.65
1785827683331050385,raycast-baseline,0.0,0,-1.0,-1,0.997410,10.65
1785827683331050385,injector,26.158331620391184,71192576,-1.0,-1,0.997410,10.65
1785827683331050385,autoware,202.49631620785792,2699337728,-1.0,-1,0.997410,10.65
1785827683331050385,observer,2.4556588949559437,30699520,-1.0,-1,0.997410,10.65
1785827684331049873,carla-server,262.14479802695763,13825990656,17.0,7443841024,0.997447,10.65
1785827684331049873,runner,0.9904128903773451,49582080,-1.0,-1,0.997447,10.65
1785827684331049873,raycast-baseline,0.0,0,-1.0,-1,0.997447,10.65
1785827684331049873,injector,26.767934588107643,71192576,-1.0,-1,0.997447,10.65
1785827684331049873,autoware,203.54248428097006,2699620352,-1.0,-1,0.997447,10.65
1785827684331049873,observer,2.2748410163748063,30892032,-1.0,-1,0.997447,10.65
1785827685331067781,carla-server,263.8316619601424,13826048000,14.0,7443841024,0.997512,10.65
1785827685331067781,runner,1.0106995014245153,49582080,-1.0,-1,0.997512,10.65
1785827685331067781,raycast-baseline,0.0,0,-1.0,-1,0.997512,10.65
1785827685331067781,injector,28.394342790608928,71196672,-1.0,-1,0.997512,10.65
1785827685331067781,autoware,202.27441733804602,2701504512,-1.0,-1,0.997512,10.65
1785827685331067781,observer,2.4412029430079865,31473664,-1.0,-1,0.997512,10.65
1785827686331035864,carla-server,265.63840106547786,13826080768,17.0,7443841024,0.997893,10.65
1785827686331035864,runner,0.0,49582080,-1.0,-1,0.997893,10.65
1785827686331035864,raycast-baseline,0.0,0,-1.0,-1,0.997893,10.65
1785827686331035864,injector,25.973642804506298,71196672,-1.0,-1,0.997893,10.65
1785827686331035864,autoware,205.99582984221323,2700611584,-1.0,-1,0.997893,10.65
1785827686331035864,observer,2.336612281284141,31199232,-1.0,-1,0.997893,10.65
1785827687330991794,carla-server,257.8783714827128,13826088960,12.0,7443841024,0.998247,10.65
1785827687330991794,runner,0.9883665745488209,49582080,-1.0,-1,0.998247,10.65
1785827687330991794,raycast-baseline,0.0,0,-1.0,-1,0.998247,10.65
1785827687330991794,injector,27.773277074132874,71196672,-1.0,-1,0.998247,10.65
1785827687330991794,autoware,204.72260274919316,2701938688,-1.0,-1,0.998247,10.65
1785827687330991794,observer,2.398033896274368,30674944,-1.0,-1,0.998247,10.65
1785827688331030299,carla-server,258.44303312636094,13826039808,14.0,7443841024,0.997938,10.84
1785827688331030299,runner,0.0,49586176,-1.0,-1,0.997938,10.84
1785827688331030299,raycast-baseline,0.0,0,-1.0,-1,0.997938,10.84
1785827688331030299,injector,26.015043484933127,71196672,-1.0,-1,0.997938,10.84
1785827688331030299,autoware,202.92020633291114,2701459456,-1.0,-1,0.997938,10.84
1785827688331030299,observer,2.3246438335467112,31043584,-1.0,-1,0.997938,10.84
1785827689330962235,carla-server,267.1717757778264,13826334720,17.0,7443841024,0.997272,10.84
1785827689330962235,runner,1.0067607447297466,49590272,-1.0,-1,0.997272,10.84
1785827689330962235,raycast-baseline,0.0,0,-1.0,-1,0.997272,10.84
1785827689330962235,injector,26.171936642538956,71200768,-1.0,-1,0.997272,10.84
1785827689330962235,autoware,203.0836123795785,2702614528,-1.0,-1,0.997272,10.84
1785827689330962235,observer,2.2948547034677653,31158272,-1.0,-1,0.997272,10.84
1785827690330966123,carla-server,263.4226337144087,13826469888,15.0,7443841024,0.998851,10.84
1785827690330966123,runner,0.9764937973656804,49590272,-1.0,-1,0.998851,10.84
1785827690330966123,raycast-baseline,0.0,0,-1.0,-1,0.998851,10.84
1785827690330966123,injector,26.30078218590534,71278592,-1.0,-1,0.998851,10.84
1785827690330966123,autoware,224.93096379326397,2706743296,-1.0,-1,0.998851,10.84
1785827690330966123,observer,2.834653943687787,30834688,-1.0,-1,0.998851,10.84
1785827691330951627,carla-server,270.9102777715963,13826506752,17.0,7443841024,0.997635,10.84
1785827691330951627,runner,0.0,49590272,-1.0,-1,0.997635,10.84
1785827691330951627,raycast-baseline,0.0,0,-1.0,-1,0.997635,10.84
1785827691330951627,injector,25.426533170432375,71282688,-1.0,-1,0.997635,10.84
1785827691330951627,autoware,202.46556840343194,2707939328,-1.0,-1,0.997635,10.84
1785827691330951627,observer,2.4157665971870577,31211520,-1.0,-1,0.997635,10.84
1785827692331086917,carla-server,275.4336173473338,13826641920,12.0,7443841024,0.998661,10.84
1785827692331086917,runner,0.9999726957428111,49590272,-1.0,-1,0.998661,10.84
1785827692331086917,raycast-baseline,0.0,0,-1.0,-1,0.998661,10.84
1785827692331086917,injector,28.007281332975754,71290880,-1.0,-1,0.998661,10.84
1785827692331086917,autoware,206.70879292476107,2708353024,-1.0,-1,0.998661,10.84
1785827692331086917,observer,2.3973109072537286,30699520,-1.0,-1,0.998661,10.84
1785827693330924336,carla-server,276.16724826554713,13826646016,13.0,7443841024,0.998188,10.29
1785827693330924336,runner,0.0,49590272,-1.0,-1,0.998188,10.29
1785827693330924336,raycast-baseline,0.0,0,-1.0,-1,0.998188,10.29
1785827693330924336,injector,28.011178084725614,71290880,-1.0,-1,0.998188,10.29
1785827693330924336,autoware,207.29043398060298,2708623360,-1.0,-1,0.998188,10.29
1785827693330924336,observer,2.3596848350546753,31096832,-1.0,-1,0.998188,10.29
1785827694331084233,carla-server,279.5512855218751,13826301952,14.0,7443841024,0.998020,10.29
1785827694331084233,runner,0.9988741320052905,49590272,-1.0,-1,0.998020,10.29
1785827694331084233,raycast-baseline,0.0,0,-1.0,-1,0.998020,10.29
1785827694331084233,injector,26.992681987016354,71294976,-1.0,-1,0.998020,10.29
1785827694331084233,autoware,204.25632635958522,2707505152,-1.0,-1,0.998020,10.29
1785827694331084233,observer,2.3481004412806503,31215616,-1.0,-1,0.998020,10.29
1785827695330969236,carla-server,274.4679772339055,13826306048,17.0,7443841024,0.997500,10.29
1785827695330969236,runner,0.0,49590272,-1.0,-1,0.997500,10.29
1785827695330969236,raycast-baseline,0.0,0,-1.0,-1,0.997500,10.29
1785827695330969236,injector,28.078218982775837,71299072,-1.0,-1,0.997500,10.29
1785827695330969236,autoware,206.35929499143208,2704707584,-1.0,-1,0.997500,10.29
1785827695330969236,observer,2.3471879688953075,31588352,-1.0,-1,0.997500,10.29
1785827696330973363,carla-server,268.49782073567576,13826265088,15.0,7443841024,0.997083,10.29
1785827696330973363,runner,2.0053369878275236,49602560,-1.0,-1,0.997083,10.29
1785827696330973363,raycast-baseline,0.0,0,-1.0,-1,0.997083,10.29
1785827696330973363,injector,26.041361285744703,71299072,-1.0,-1,0.997083,10.29
1785827696330973363,autoware,199.22789340084114,2704871424,-1.0,-1,0.997083,10.29
1785827696330973363,observer,2.377209977431316,30945280,-1.0,-1,0.997083,10.29
1785827697330968019,carla-server,279.43147124305204,13826269184,14.0,7443841024,0.998489,10.29
1785827697330968019,runner,0.0,49602560,-1.0,-1,0.998489,10.29
1785827697330968019,raycast-baseline,0.0,0,-1.0,-1,0.998489,10.29
1785827697330968019,injector,26.980731413961117,71299072,-1.0,-1,0.998489,10.29
1785827697330968019,autoware,202.41618119521965,2704449536,-1.0,-1,0.998489,10.29
1785827697330968019,observer,2.3625544862630115,31825920,-1.0,-1,0.998489,10.29
1785827698331904332,carla-server,284.68328784909187,13823438848,17.0,7443841024,0.998868,14.35
1785827698331904332,runner,0.9976940387417624,49602560,-1.0,-1,0.998868,14.35
1785827698331904332,raycast-baseline,0.0,0,-1.0,-1,0.998868,14.35
1785827698331904332,injector,25.933283955898773,71385088,-1.0,-1,0.998868,14.35
1785827698331904332,autoware,224.88556211242212,2707976192,-1.0,-1,0.998868,14.35
1785827698331904332,observer,2.7556300302849834,30420992,-1.0,-1,0.998868,14.35
1785827699330964276,carla-server,276.05160652434813,13823578112,17.0,7443841024,0.997603,14.35
1785827699330964276,runner,0.0,49602560,-1.0,-1,0.997603,14.35
1785827699330964276,raycast-baseline,0.0,0,-1.0,-1,0.997603,14.35
1785827699330964276,injector,25.724836218728818,71393280,-1.0,-1,0.997603,14.35
1785827699330964276,autoware,195.77439108502588,2709028864,-1.0,-1,0.997603,14.35
1785827699330964276,observer,2.4120769882421706,31088640,-1.0,-1,0.997603,14.35
1785827700330964473,carla-server,265.685204911288,13823217664,12.0,7443841024,0.997841,14.35
1785827700330964473,runner,1.0113794233238105,49602560,-1.0,-1,0.997841,14.35
1785827700330964473,raycast-baseline,0.0,0,-1.0,-1,0.997841,14.35
1785827700330964473,injector,26.252888748032944,71393280,-1.0,-1,0.997841,14.35
1785827700330964473,autoware,206.64901765594337,2708545536,-1.0,-1,0.997841,14.35
1785827700330964473,observer,2.4187168009634936,31510528,-1.0,-1,0.997841,14.35
1785827701330971390,carla-server,269.543689568808,13823229952,15.0,7443841024,0.997762,14.35
1785827701330971390,runner,0.0,49602560,-1.0,-1,0.997762,14.35
1785827701330971390,raycast-baseline,0.0,0,-1.0,-1,0.997762,14.35
1785827701330971390,injector,27.18989364627134,71393280,-1.0,-1,0.997762,14.35
1785827701330971390,autoware,198.14920333671586,2709262336,-1.0,-1,0.997762,14.35
1785827701330971390,observer,2.3550945944977886,31301632,-1.0,-1,0.997762,14.35
1785827702331479650,carla-server,275.8333195704569,13823320064,17.0,7443841024,0.997817,14.35
1785827702331479650,runner,1.9650388501597824,49602560,-1.0,-1,0.997817,14.35
1785827702331479650,raycast-baseline,0.0,0,-1.0,-1,0.997817,14.35
1785827702331479650,injector,28.559922693052382,71393280,-1.0,-1,0.997817,14.35
1785827702331479650,autoware,203.5256391561698,2710192128,-1.0,-1,0.997817,14.35
1785827702331479650,observer,2.3938033522498157,31207424,-1.0,-1,0.997817,14.35
1785827703330961759,carla-server,267.60277740122456,13823328256,16.0,7443841024,0.997513,13.44
1785827703330961759,runner,0.0,49602560,-1.0,-1,0.997513,13.44
1785827703330961759,raycast-baseline,0.0,0,-1.0,-1,0.997513,13.44
1785827703330961759,injector,25.2352830540876,71393280,-1.0,-1,0.997513,13.44
1785827703330961759,autoware,198.20869919934742,2710786048,-1.0,-1,0.997513,13.44
1785827703330961759,observer,2.4030112547246096,31723520,-1.0,-1,0.997513,13.44
1785827704331187508,carla-server,273.5600831062345,13823348736,19.0,7443841024,0.997523,13.44
1785827704331187508,runner,0.0,49602560,-1.0,-1,0.997523,13.44
1785827704331187508,raycast-baseline,0.0,0,-1.0,-1,0.997523,13.44
1785827704331187508,injector,26.926932234598517,71393280,-1.0,-1,0.997523,13.44
1785827704331187508,autoware,199.3682156150573,2711240704,-1.0,-1,0.997523,13.44
1785827704331187508,observer,2.359886204220429,31133696,-1.0,-1,0.997523,13.44
1785827705331015238,carla-server,276.15042728452147,13823365120,18.0,7443841024,0.997468,13.44
1785827705331015238,runner,0.9933701917121691,49602560,-1.0,-1,0.997468,13.44
1785827705331015238,raycast-baseline,0.0,0,-1.0,-1,0.997468,13.44
1785827705331015238,injector,25.829790437237737,71397376,-1.0,-1,0.997468,13.44
1785827705331015238,autoware,198.865383081875,2712199168,-1.0,-1,0.997468,13.44
1785827705331015238,observer,2.355814235775195,32182272,-1.0,-1,0.997468,13.44
1785827706330963472,carla-server,280.7051605325793,13823442944,17.0,7443841024,0.998306,13.44
1785827706330963472,runner,1.0163464012423602,49606656,-1.0,-1,0.998306,13.44
1785827706330963472,raycast-baseline,0.0,0,-1.0,-1,0.998306,13.44
1785827706330963472,injector,27.401745068088783,71471104,-1.0,-1,0.998306,13.44
1785827706330963472,autoware,222.16022688386045,2711162880,-1.0,-1,0.998306,13.44
1785827706330963472,observer,2.9092909899771007,32071680,-1.0,-1,0.998306,13.44
1785827707331012972,carla-server,282.6266479993607,13823434752,17.0,7443841024,0.997019,13.44
1785827707331012972,runner,0.0,49606656,-1.0,-1,0.997019,13.44
1785827707331012972,raycast-baseline,0.0,0,-1.0,-1,0.997019,13.44
1785827707331012972,injector,28.08090699000148,71475200,-1.0,-1,0.997019,13.44
1785827707331012972,autoware,200.14836332668446,2711961600,-1.0,-1,0.997019,13.44
1785827707331012972,observer,2.438949583576328,31137792,-1.0,-1,0.997019,13.44
1785827708331027402,carla-server,284.2384651810224,13823438848,17.0,7443841024,0.997290,12.44
1785827708331027402,runner,0.9898896129615758,49606656,-1.0,-1,0.997290,12.44
1785827708331027402,raycast-baseline,0.0,0,-1.0,-1,0.997290,12.44
1785827708331027402,injector,26.718280473513396,71475200,-1.0,-1,0.997290,12.44
1785827708331027402,autoware,207.13298310493494,2713305088,-1.0,-1,0.997290,12.44
1785827708331027402,observer,2.377506507512454,32980992,-1.0,-1,0.997290,12.44
1785827709331064567,carla-server,283.4275247675519,13822861312,14.0,7443841024,0.997227,12.44
1785827709331064567,runner,0.0,49610752,-1.0,-1,0.997227,12.44
1785827709331064567,raycast-baseline,0.0,0,-1.0,-1,0.997227,12.44
1785827709331064567,injector,28.256603414773878,71475200,-1.0,-1,0.997227,12.44
1785827709331064567,autoware,197.54218708092174,2712141824,-1.0,-1,0.997227,12.44
1785827709331064567,observer,2.355156258377513,32108544,-1.0,-1,0.997227,12.44
1785827710330979935,carla-server,281.7594067708546,13822889984,17.0,7443841024,0.998224,12.44
1785827710330979935,runner,1.0014549538139168,49610752,-1.0,-1,0.998224,12.44
1785827710330979935,raycast-baseline,0.0,0,-1.0,-1,0.998224,12.44
1785827710330979935,injector,28.01289242962397,71475200,-1.0,-1,0.998224,12.44
1785827710330979935,autoware,201.20560294150476,2712535040,-1.0,-1,0.998224,12.44
1785827710330979935,observer,2.3689806216805778,31297536,-1.0,-1,0.998224,12.44
1785827711330976800,carla-server,272.4380012083536,13822971904,12.0,7443841024,0.997215,12.44
1785827711330976800,runner,0.9909887814410814,49610752,-1.0,-1,0.997215,12.44
1785827711330976800,raycast-baseline,0.0,0,-1.0,-1,0.997215,12.44
1785827711330976800,injector,27.762978980667057,71479296,-1.0,-1,0.997215,12.44
1785827711330976800,autoware,205.0976577249464,2712637440,-1.0,-1,0.997215,12.44
1785827711330976800,observer,2.3471667368089513,31920128,-1.0,-1,0.997215,12.44
1785827712330987452,carla-server,271.67722693286294,13822726144,14.0,7443841024,0.997749,12.44
1785827712330987452,runner,0.0,49610752,-1.0,-1,0.997749,12.44
1785827712330987452,raycast-baseline,0.0,0,-1.0,-1,0.997749,12.44
1785827712330987452,injector,29.240905970160604,71520256,-1.0,-1,0.997749,12.44
1785827712330987452,autoware,202.9181634996939,2713047040,-1.0,-1,0.997749,12.44
1785827712330987452,observer,2.3651671337160565,31645696,-1.0,-1,0.997749,12.44
1785827713330974585,carla-server,270.876790516862,13822726144,14.0,7443841024,0.997118,11.61
1785827713330974585,runner,0.9919397603683301,49610752,-1.0,-1,0.997118,11.61
1785827713330974585,raycast-baseline,0.0,0,-1.0,-1,0.997118,11.61
1785827713330974585,injector,25.819299167998828,71520256,-1.0,-1,0.997118,11.61
1785827713330974585,autoware,199.13205195636385,2713681920,-1.0,-1,0.997118,11.61
1785827713330974585,observer,2.35380567293592,31371264,-1.0,-1,0.997118,11.61
1785827714330981939,carla-server,265.5453649150569,13822824448,13.0,7443841024,0.997768,11.61
1785827714330981939,runner,0.9762560823910318,49610752,-1.0,-1,0.997768,11.61
1785827714330981939,raycast-baseline,0.0,0,-1.0,-1,0.997768,11.61
1785827714330981939,injector,26.31934027596945,71598080,-1.0,-1,0.997768,11.61
1785827714330981939,autoware,228.31593977150436,2704699392,-1.0,-1,0.997768,11.61
1785827714330981939,observer,2.80780859056799,31539200,-1.0,-1,0.997768,11.61
1785827715330922406,carla-server,268.5801304741989,13822844928,17.0,7443841024,0.997805,11.61
1785827715330922406,runner,0.0,49610752,-1.0,-1,0.997805,11.61
1785827715330922406,raycast-baseline,0.0,0,-1.0,-1,0.997805,11.61
1785827715330922406,injector,24.581607217945198,71598080,-1.0,-1,0.997805,11.61
1785827715330922406,autoware,193.18420702369303,2707447808,-1.0,-1,0.997805,11.61
1785827715330922406,observer,2.4369348125184165,32243712,-1.0,-1,0.997805,11.61
1785827716331057884,carla-server,267.81364348333636,13822816256,14.0,7443841024,0.998103,11.61
1785827716331057884,runner,0.0,49610752,-1.0,-1,0.998103,11.61
1785827716331057884,raycast-baseline,0.0,0,-1.0,-1,0.998103,11.61
1785827716331057884,injector,27.04696250651074,71598080,-1.0,-1,0.998103,11.61
1785827716331057884,autoware,199.2638763946117,2707992576,-1.0,-1,0.998103,11.61
1785827716331057884,observer,2.32915546882364,32325632,-1.0,-1,0.998103,11.61
1785827717330968387,carla-server,272.63951948425955,13822967808,13.0,7443841024,0.996790,11.61
1785827717330968387,runner,1.9835182447502893,49610752,-1.0,-1,0.996790,11.61
1785827717330968387,raycast-baseline,0.0,0,-1.0,-1,0.996790,11.61
1785827717330968387,injector,25.746168167482868,71598080,-1.0,-1,0.996790,11.61
1785827717330968387,autoware,218.11873718509008,2706345984,-1.0,-1,0.996790,11.61
1785827717330968387,observer,2.406256016502464,32026624,-1.0,-1,0.996790,11.61
1785827718330968995,carla-server,268.24338839629974,13822976000,17.0,7443841024,0.997798,10.84
1785827718330968995,runner,0.0,49614848,-1.0,-1,0.997798,10.84
1785827718330968995,raycast-baseline,0.0,0,-1.0,-1,0.997798,10.84
1785827718330968995,injector,28.272816393223604,71602176,-1.0,-1,0.997798,10.84
1785827718330968995,autoware,205.60296680507543,2694189056,-1.0,-1,0.997798,10.84
1785827718330968995,observer,2.3752709412005983,31870976,-1.0,-1,0.997798,10.84
1785827719330970175,carla-server,267.126956092356,13823004672,14.0,7443841024,0.997509,10.84
1785827719330970175,runner,0.0,49614848,-1.0,-1,0.997509,10.84
1785827719330970175,raycast-baseline,0.0,0,-1.0,-1,0.997509,10.84
1785827719330970175,injector,28.02272831004448,71602176,-1.0,-1,0.997509,10.84
1785827719330970175,autoware,200.79956989626422,2677334016,-1.0,-1,0.997509,10.84
1785827719330970175,observer,2.3902275349619435,32256000,-1.0,-1,0.997509,10.84
1785827720330965005,carla-server,277.58786607727393,13821890560,13.0,7443841024,0.997628,10.84
1785827720330965005,runner,1.9754817312468937,49618944,-1.0,-1,0.997628,10.84
1785827720330965005,raycast-baseline,0.0,0,-1.0,-1,0.997628,10.84
1785827720330965005,injector,27.656961933889406,71602176,-1.0,-1,0.997628,10.84
1785827720330965005,autoware,198.22648550628935,2674167808,-1.0,-1,0.997628,10.84
1785827720330965005,observer,2.346522491776636,31399936,-1.0,-1,0.997628,10.84
1785827721330963286,carla-server,278.9308392956592,13822083072,17.0,7443841024,0.997362,10.84
1785827721330963286,runner,0.0,49618944,-1.0,-1,0.997362,10.84
1785827721330963286,raycast-baseline,0.0,0,-1.0,-1,0.997362,10.84
1785827721330963286,injector,25.301206972719093,71602176,-1.0,-1,0.997362,10.84
1785827721330963286,autoware,197.74530904996374,2663268352,-1.0,-1,0.997362,10.84
1785827721330963286,observer,2.354838070099451,31195136,-1.0,-1,0.997362,10.84
1785827722330960434,carla-server,297.4538265861862,13822533632,14.0,7443841024,0.998710,10.84
1785827722330960434,runner,0.9975176503908818,49623040,-1.0,-1,0.998710,10.84
1785827722330960434,raycast-baseline,0.0,0,-1.0,-1,0.998710,10.84
1785827722330960434,injector,27.882834516979738,71700480,-1.0,-1,0.998710,10.84
1785827722330960434,autoware,223.57030675023185,2701443072,-1.0,-1,0.998710,10.84
1785827722330960434,observer,2.83643181089224,32428032,-1.0,-1,0.998710,10.84
1785827723330974482,carla-server,302.7642888457897,13822574592,14.0,7443841024,0.997993,10.45
1785827723330974482,runner,0.0,49627136,-1.0,-1,0.997993,10.45
1785827723330974482,raycast-baseline,0.0,0,-1.0,-1,0.997993,10.45
1785827723330974482,injector,26.573566353977508,71704576,-1.0,-1,0.997993,10.45
1785827723330974482,autoware,192.9371753625913,2707636224,-1.0,-1,0.997993,10.45
1785827723330974482,observer,2.467132178595728,32301056,-1.0,-1,0.997993,10.45
1785827724332018001,carla-server,277.00572803286235,13822623744,19.0,7443841024,0.995412,10.45
1785827724332018001,runner,1.0180776142753076,49627136,-1.0,-1,0.995412,10.45
1785827724332018001,raycast-baseline,0.0,0,-1.0,-1,0.995412,10.45
1785827724332018001,injector,27.488860437250157,71704576,-1.0,-1,0.995412,10.45
1785827724332018001,autoware,197.3495097561983,2688786432,-1.0,-1,0.995412,10.45
1785827724332018001,observer,2.334702759577737,31883264,-1.0,-1,0.995412,10.45
1785827725330971867,carla-server,280.4972658330516,13822623744,19.0,7443841024,0.997526,10.45
1785827725330971867,runner,0.0,49627136,-1.0,-1,0.997526,10.45
1785827725330971867,raycast-baseline,0.0,0,-1.0,-1,0.997526,10.45
1785827725330971867,injector,28.074553689723547,71704576,-1.0,-1,0.997526,10.45
1785827725330971867,autoware,192.76784612053507,2685677568,-1.0,-1,0.997526,10.45
1785827725330971867,observer,2.299580127015629,32505856,-1.0,-1,0.997526,10.45
1785827726330964562,carla-server,276.4506915909796,13822668800,17.0,7443841024,0.997885,10.45
1785827726330964562,runner,0.9847562509364913,49627136,-1.0,-1,0.997885,10.45
1785827726330964562,raycast-baseline,0.0,0,-1.0,-1,0.997885,10.45
1785827726330964562,injector,24.545307192383984,71704576,-1.0,-1,0.997885,10.45
1785827726330964562,autoware,189.4955154280628,2680164352,-1.0,-1,0.997885,10.45
1785827726330964562,observer,2.404628279407798,31612928,-1.0,-1,0.997885,10.45
1785827727331064973,carla-server,268.9174847170785,13822545920,14.0,7443841024,0.997828,10.45
1785827727331064973,runner,0.0,49627136,-1.0,-1,0.997828,10.45
1785827727331064973,raycast-baseline,0.0,0,-1.0,-1,0.997828,10.45
1785827727331064973,injector,26.40945142183152,71708672,-1.0,-1,0.997828,10.45
1785827727331064973,autoware,198.6798988926213,2669740032,-1.0,-1,0.997828,10.45
1785827727331064973,observer,2.4816693632239883,32260096,-1.0,-1,0.997828,10.45
1785827728330972251,carla-server,274.3061644694407,13822824448,17.0,7443841024,0.997308,9.93
1785827728330972251,runner,2.0223085098580635,49627136,-1.0,-1,0.997308,9.93
1785827728330972251,raycast-baseline,0.0,0,-1.0,-1,0.997308,9.93
1785827728330972251,injector,25.203115334151395,71708672,-1.0,-1,0.997308,9.93
1785827728330972251,autoware,191.27793500103957,2682601472,-1.0,-1,0.997308,9.93
1785827728330972251,observer,2.399001042841043,31211520,-1.0,-1,0.997308,9.93
1785827729330954332,carla-server,270.25428537609486,13822849024,14.0,7443841024,0.997420,9.93
1785827729330954332,runner,0.0,49627136,-1.0,-1,0.997420,9.93
1785827729330954332,raycast-baseline,0.0,0,-1.0,-1,0.997420,9.93
1785827729330954332,injector,25.7939661044134,71708672,-1.0,-1,0.997420,9.93
1785827729330954332,autoware,189.33513827915215,2692567040,-1.0,-1,0.997420,9.93
1785827729330954332,observer,2.356005898009893,31739904,-1.0,-1,0.997420,9.93
1785827730331069593,carla-server,273.32075395821187,13822914560,17.0,7443841024,0.998208,9.93
1785827730331069593,runner,0.0,49627136,-1.0,-1,0.998208,9.93
1785827730331069593,raycast-baseline,0.0,0,-1.0,-1,0.998208,9.93
1785827730331069593,injector,27.359986477502414,71782400,-1.0,-1,0.998208,9.93
1785827730331069593,autoware,212.55808884029884,2698207232,-1.0,-1,0.998208,9.93
1785827730331069593,observer,2.7907455970882564,32645120,-1.0,-1,0.998208,9.93
1785827731331051302,carla-server,273.3047517937427,13823021056,14.0,7443841024,0.997526,9.93
1785827731331051302,runner,0.9978358636471762,49631232,-1.0,-1,0.997526,9.93
1785827731331051302,raycast-baseline,0.0,0,-1.0,-1,0.997526,9.93
1785827731331051302,injector,25.951866994490402,71786496,-1.0,-1,0.997526,9.93
1785827731331051302,autoware,194.44775601480902,2700292096,-1.0,-1,0.997526,9.93
1785827731331051302,observer,2.388943973289985,31809536,-1.0,-1,0.997526,9.93
1785827732331079652,carla-server,269.39666832469453,13823033344,13.0,7443841024,0.997596,9.93
1785827732331079652,runner,0.9907791375945567,49631232,-1.0,-1,0.997596,9.93
1785827732331079652,raycast-baseline,0.0,0,-1.0,-1,0.997596,9.93
1785827732331079652,injector,25.742974496928085,71786496,-1.0,-1,0.997596,9.93
1785827732331079652,autoware,195.34655506495253,2699915264,-1.0,-1,0.997596,9.93
1785827732331079652,observer,2.355251864956762,31440896,-1.0,-1,0.997596,9.93
1785827733331067336,carla-server,274.21891156386374,13823049728,15.0,7443841024,0.997073,9.22
1785827733331067336,runner,0.0,49631232,-1.0,-1,0.997073,9.22
1785827733331067336,raycast-baseline,0.0,0,-1.0,-1,0.997073,9.22
1785827733331067336,injector,28.300997065607703,71786496,-1.0,-1,0.997073,9.22
1785827733331067336,autoware,189.98819342788235,2700447744,-1.0,-1,0.997073,9.22
1785827733331067336,observer,2.2928753301848,32014336,-1.0,-1,0.997073,9.22
1785827734330987686,carla-server,269.6490242901308,13823180800,17.0,7443841024,0.997954,9.22
1785827734330987686,runner,0.9992084141093365,49631232,-1.0,-1,0.997954,9.22
1785827734330987686,raycast-baseline,0.0,0,-1.0,-1,0.997954,9.22
1785827734330987686,injector,27.014246205852288,71790592,-1.0,-1,0.997954,9.22
1785827734330987686,autoware,192.98492736199455,2701086720,-1.0,-1,0.997954,9.22
1785827734330987686,observer,2.2879721843755414,32403456,-1.0,-1,0.997954,9.22
1785827735331305990,carla-server,267.87322887980315,13823098880,15.0,7443841024,0.997507,9.22
1785827735331305990,runner,0.986238434228031,49631232,-1.0,-1,0.997507,9.22
1785827735331305990,raycast-baseline,0.0,0,-1.0,-1,0.997507,9.22
1785827735331305990,injector,25.583150298028674,71790592,-1.0,-1,0.997507,9.22
1785827735331305990,autoware,188.17910282870943,2701303808,-1.0,-1,0.997507,9.22
1785827735331305990,observer,2.40836659819413,31105024,-1.0,-1,0.997507,9.22
1785827736330915520,carla-server,269.57142158377405,13823545344,14.0,7443841024,0.997633,9.22
1785827736330915520,runner,0.0,49631232,-1.0,-1,0.997633,9.22
1785827736330915520,raycast-baseline,0.0,0,-1.0,-1,0.997633,9.22
1785827736330915520,injector,27.218350863676978,71790592,-1.0,-1,0.997633,9.22
1785827736330915520,autoware,186.70437464386268,2701357056,-1.0,-1,0.997633,9.22
1785827736330915520,observer,2.298520345459267,32083968,-1.0,-1,0.997633,9.22
1785827737330961323,carla-server,262.4935729655737,13823598592,17.0,7443841024,0.997616,9.22
1785827737330961323,runner,0.0,49635328,-1.0,-1,0.997616,9.22
1785827737330961323,raycast-baseline,0.0,0,-1.0,-1,0.997616,9.22
1785827737330961323,injector,26.00944142740651,71790592,-1.0,-1,0.997616,9.22
1785827737330961323,autoware,184.66698831887513,2701017088,-1.0,-1,0.997616,9.22
1785827737330961323,observer,2.2679074261067793,31784960,-1.0,-1,0.997616,9.22
1785827738331042241,carla-server,261.0781997206565,13823737856,12.0,7443841024,0.997629,8.56
1785827738331042241,runner,1.9772300995330765,49635328,-1.0,-1,0.997629,8.56
1785827738331042241,raycast-baseline,0.0,0,-1.0,-1,0.997629,8.56
1785827738331042241,injector,26.70025434722004,71868416,-1.0,-1,0.997629,8.56
1785827738331042241,autoware,206.74159260252694,2706259968,-1.0,-1,0.997629,8.56
1785827738331042241,observer,2.7972979613638698,31547392,-1.0,-1,0.997629,8.56
1785827739331052491,carla-server,258.8503466400477,13823754240,17.0,7443841024,0.997496,8.56
1785827739331052491,runner,0.0,49635328,-1.0,-1,0.997496,8.56
1785827739331052491,raycast-baseline,0.0,0,-1.0,-1,0.997496,8.56
1785827739331052491,injector,25.239954250927028,71872512,-1.0,-1,0.997496,8.56
1785827739331052491,autoware,186.15534278137935,2706767872,-1.0,-1,0.997496,8.56
1785827739331052491,observer,2.420860944251515,31473664,-1.0,-1,0.997496,8.56
1785827740330991404,carla-server,257.21540735870013,13823750144,17.0,7443841024,0.998170,8.56
1785827740330991404,runner,1.0016454661070304,49639424,-1.0,-1,0.998170,8.56
1785827740330991404,raycast-baseline,0.0,0,-1.0,-1,0.998170,8.56
1785827740330991404,injector,28.080748185165223,71872512,-1.0,-1,0.998170,8.56
1785827740330991404,autoware,187.59303097905502,2706784256,-1.0,-1,0.998170,8.56
1785827740330991404,observer,2.328173281476644,32088064,-1.0,-1,0.998170,8.56
1785827741330967022,carla-server,264.1699450007094,13823762432,15.0,7443841024,0.997964,8.56
1785827741330967022,runner,0.9874837101343615,49639424,-1.0,-1,0.997964,8.56
1785827741330967022,raycast-baseline,0.0,0,-1.0,-1,0.997964,8.56
1785827741330967022,injector,25.694467015643387,71872512,-1.0,-1,0.997964,8.56
1785827741330967022,autoware,177.62321445476917,2706919424,-1.0,-1,0.997964,8.56
1785827741330967022,observer,2.2961551970583303,30781440,-1.0,-1,0.997964,8.56
1785827742330968505,carla-server,254.45232859250723,13823832064,14.0,7443841024,0.997852,8.56
1785827742330968505,runner,0.0,49639424,-1.0,-1,0.997852,8.56
1785827742330968505,raycast-baseline,0.0,0,-1.0,-1,0.997852,8.56
1785827742330968505,injector,27.30715641149689,71872512,-1.0,-1,0.997852,8.56
1785827742330968505,autoware,183.6378641164344,2706944000,-1.0,-1,0.997852,8.56
1785827742330968505,observer,2.3537567173746314,32239616,-1.0,-1,0.997852,8.56
1785827743331146024,carla-server,263.5057730510307,13823844352,14.0,7443841024,0.998150,8.11
1785827743331146024,runner,0.0,49639424,-1.0,-1,0.998150,8.11
1785827743331146024,raycast-baseline,0.0,0,-1.0,-1,0.998150,8.11
1785827743331146024,injector,27.95714502346479,71872512,-1.0,-1,0.998150,8.11
1785827743331146024,autoware,181.2309060630171,2706927616,-1.0,-1,0.998150,8.11
1785827743331146024,observer,2.288166316292095,31301632,-1.0,-1,0.998150,8.11
1785827744330968463,carla-server,264.9184731935669,13823856640,17.0,7443841024,0.997399,8.11
1785827744330968463,runner,0.9805893841541409,49639424,-1.0,-1,0.997399,8.11
1785827744330968463,raycast-baseline,0.0,0,-1.0,-1,0.997399,8.11
1785827744330968463,injector,28.47848850507036,71872512,-1.0,-1,0.997399,8.11
1785827744330968463,autoware,176.25234700635667,2707496960,-1.0,-1,0.997399,8.11
1785827744330968463,observer,2.2796400859717143,32034816,-1.0,-1,0.997399,8.11
1785827745330956490,carla-server,257.9813857984017,13823873024,17.0,7443841024,0.997887,8.11
1785827745330956490,runner,1.0200213961332092,49639424,-1.0,-1,0.997887,8.11
1785827745330956490,raycast-baseline,0.0,0,-1.0,-1,0.997887,8.11
1785827745330956490,injector,27.53014918413123,71876608,-1.0,-1,0.997887,8.11
1785827745330956490,autoware,181.5990597598327,2707640320,-1.0,-1,0.997887,8.11
1785827745330956490,observer,2.3014266366143254,31916032,-1.0,-1,0.997887,8.11
1785827746330963676,carla-server,256.05465025477656,13822431232,17.0,7443841024,0.997704,8.11
1785827746330963676,runner,0.0,49639424,-1.0,-1,0.997704,8.11
1785827746330963676,raycast-baseline,0.0,0,-1.0,-1,0.997704,8.11
1785827746330963676,injector,25.94731030198103,71032832,-1.0,-1,0.997704,8.11
1785827746330963676,autoware,200.55319952420177,2710990848,-1.0,-1,0.997704,8.11
1785827746330963676,observer,2.6738740101391576,32067584,-1.0,-1,0.997704,8.11
1785827747330963170,carla-server,259.4166529612751,13822476288,17.0,7443841024,0.997307,8.11
1785827747330963170,runner,0.9910872278838079,49639424,-1.0,-1,0.997307,8.11
1785827747330963170,raycast-baseline,0.0,0,-1.0,-1,0.997307,8.11
1785827747330963170,injector,26.771063608553085,71036928,-1.0,-1,0.997307,8.11
1785827747330963170,autoware,175.01432452976158,2711400448,-1.0,-1,0.997307,8.11
1785827747330963170,observer,2.3484493377504,31584256,-1.0,-1,0.997307,8.11
1785827748331088306,carla-server,263.17926787436613,13822504960,14.0,7443841024,0.998071,7.7
1785827748331088306,runner,1.0045959834246445,49639424,-1.0,-1,0.998071,7.7
1785827748331088306,raycast-baseline,0.0,0,-1.0,-1,0.998071,7.7
1785827748331088306,injector,23.09582854200471,71036928,-1.0,-1,0.998071,7.7
1785827748331088306,autoware,177.81709759749336,2710855680,-1.0,-1,0.998071,7.7
1785827748331088306,observer,2.311299234056032,31768576,-1.0,-1,0.998071,7.7
1785827749331014245,carla-server,263.93853570055904,13822521344,14.0,7443841024,0.997962,7.7
1785827749331014245,runner,0.0,49639424,-1.0,-1,0.997962,7.7
1785827749331014245,raycast-baseline,0.0,0,-1.0,-1,0.997962,7.7
1785827749331014245,injector,26.392413622558834,71036928,-1.0,-1,0.997962,7.7
1785827749331014245,autoware,172.46435745003456,2710700032,-1.0,-1,0.997962,7.7
1785827749331014245,observer,2.294556788379322,31891456,-1.0,-1,0.997962,7.7
1785827750331052532,carla-server,262.8075369190753,13822660608,14.0,7443841024,0.998128,7.7
1785827750331052532,runner,0.0,49639424,-1.0,-1,0.998128,7.7
1785827750331052532,raycast-baseline,0.0,0,-1.0,-1,0.998128,7.7
1785827750331052532,injector,26.21459312142272,71036928,-1.0,-1,0.998128,7.7
1785827750331052532,autoware,177.196670346901,2711592960,-1.0,-1,0.998128,7.7
1785827750331052532,observer,2.268408480569123,31080448,-1.0,-1,0.998128,7.7
1785827751331086981,carla-server,260.81560040741846,13822607360,17.0,7443841024,0.998161,7.7
1785827751331086981,runner,2.0525198933920765,49639424,-1.0,-1,0.998161,7.7
1785827751331086981,raycast-baseline,0.0,0,-1.0,-1,0.998161,7.7
1785827751331086981,injector,26.715678236133446,71041024,-1.0,-1,0.998161,7.7
1785827751331086981,autoware,175.88463274059444,2712752128,-1.0,-1,0.998161,7.7
1785827751331086981,observer,2.322235345466222,32079872,-1.0,-1,0.998161,7.7
1785827752330974481,carla-server,257.16660570359227,13822099456,12.0,7443841024,0.997825,7.7
1785827752330974481,runner,0.0,49639424,-1.0,-1,0.997825,7.7
1785827752330974481,raycast-baseline,0.0,0,-1.0,-1,0.997825,7.7
1785827752330974481,injector,26.034754236124435,71041024,-1.0,-1,0.997825,7.7
1785827752330974481,autoware,175.01831559772532,2712350720,-1.0,-1,0.997825,7.7
1785827752330974481,observer,2.2711203504248227,32702464,-1.0,-1,0.997825,7.7
1785827753330924473,carla-server,256.7642178714328,13822099456,14.0,7443841024,0.997762,7.17
1785827753330924473,runner,0.0,49639424,-1.0,-1,0.997762,7.17
1785827753330924473,raycast-baseline,0.0,0,-1.0,-1,0.997762,7.17
1785827753330924473,injector,28.471942806536816,71041024,-1.0,-1,0.997762,7.17
1785827753330924473,autoware,185.47800609659689,2711478272,-1.0,-1,0.997762,7.17
1785827753330924473,observer,2.277744279715328,32145408,-1.0,-1,0.997762,7.17
1785827754330960271,carla-server,263.47578805682673,13822164992,17.0,7443841024,0.997522,7.17
1785827754330960271,runner,2.0369180747959326,49639424,-1.0,-1,0.997522,7.17
1785827754330960271,raycast-baseline,0.0,0,-1.0,-1,0.997522,7.17
1785827754330960271,injector,27.47666345392213,71114752,-1.0,-1,0.997522,7.17
1785827754330960271,autoware,194.61886060770462,2716606464,-1.0,-1,0.997522,7.17
1785827754330960271,observer,2.738196681535181,32243712,-1.0,-1,0.997522,7.17
1785827755330966417,carla-server,259.66031600943796,13822197760,14.0,7443841024,0.998179,7.17
1785827755330966417,runner,0.0,49639424,-1.0,-1,0.998179,7.17
1785827755330966417,raycast-baseline,0.0,0,-1.0,-1,0.998179,7.17
1785827755330966417,injector,25.039340434608615,71118848,-1.0,-1,0.998179,7.17
1785827755330966417,autoware,178.0392595996751,2716762112,-1.0,-1,0.998179,7.17
1785827755330966417,observer,2.273921332839211,32022528,-1.0,-1,0.998179,7.17
1785827756330989550,carla-server,255.66493799057773,13822214144,15.0,7443841024,0.997049,7.17
1785827756330989550,runner,0.9698945958872387,49639424,-1.0,-1,0.997049,7.17
1785827756330989550,raycast-baseline,0.0,0,-1.0,-1,0.997049,7.17
1785827756330989550,injector,27.09265152227886,71118848,-1.0,-1,0.997049,7.17
1785827756330989550,autoware,181.5833990782296,2716663808,-1.0,-1,0.997049,7.17
1785827756330989550,observer,2.2812711589775385,32256000,-1.0,-1,0.997049,7.17
1785827757330976569,carla-server,263.59307107966794,13822279680,17.0,7443841024,0.997271,7.17
1785827757330976569,runner,0.0,49643520,-1.0,-1,0.997271,7.17
1785827757330976569,raycast-baseline,0.0,0,-1.0,-1,0.997271,7.17
1785827757330976569,injector,26.680183531699917,71118848,-1.0,-1,0.997271,7.17
1785827757330976569,autoware,173.44177134669607,2717028352,-1.0,-1,0.997271,7.17
1785827757330976569,observer,2.2994926989128204,32133120,-1.0,-1,0.997271,7.17
1785827758330977140,carla-server,259.06172974763206,13822164992,14.0,7443841024,0.997814,6.67
1785827758330977140,runner,0.9994170949794767,49643520,-1.0,-1,0.997814,6.67
1785827758330977140,raycast-baseline,0.0,0,-1.0,-1,0.997814,6.67
1785827758330977140,injector,25.091222249841444,71122944,-1.0,-1,0.997814,6.67
1785827758330977140,autoware,176.38321913406918,2717478912,-1.0,-1,0.997814,6.67
1785827758330977140,observer,2.220759601630444,32219136,-1.0,-1,0.997814,6.67
1785827759330982391,carla-server,269.8054565054671,13822558208,14.0,7443841024,0.998057,6.67
1785827759330982391,runner,1.0001393114070964,49643520,-1.0,-1,0.998057,6.67
1785827759330982391,raycast-baseline,0.0,0,-1.0,-1,0.998057,6.67
1785827759330982391,injector,24.879073174850795,71122944,-1.0,-1,0.998057,6.67
1785827759330982391,autoware,174.40762448449675,2717442048,-1.0,-1,0.998057,6.67
1785827759330982391,observer,2.3289100674110084,31567872,-1.0,-1,0.998057,6.67
1785827760330967046,carla-server,256.15293508450765,13822550016,17.0,7443841024,0.997358,6.67
1785827760330967046,runner,0.0,49647616,-1.0,-1,0.997358,6.67
1785827760330967046,raycast-baseline,0.0,0,-1.0,-1,0.997358,6.67
1785827760330967046,injector,26.026702381764572,71122944,-1.0,-1,0.997358,6.67
1785827760330967046,autoware,176.30755933950132,2717478912,-1.0,-1,0.997358,6.67
1785827760330967046,observer,2.239348748492443,32305152,-1.0,-1,0.997358,6.67
1785827761330961688,carla-server,260.57354169438725,13822291968,14.0,7443841024,0.997210,6.67
1785827761330961688,runner,0.9984363249132034,49647616,-1.0,-1,0.997210,6.67
1785827761330961688,raycast-baseline,0.0,0,-1.0,-1,0.997210,6.67
1785827761330961688,injector,26.943126427983728,71122944,-1.0,-1,0.997210,6.67
1785827761330961688,autoware,177.78110881663955,2717052928,-1.0,-1,0.997210,6.67
1785827761330961688,observer,2.2969073424595168,32301056,-1.0,-1,0.997210,6.67
1785827762330971365,carla-server,259.04705142352407,13822382080,14.0,7443841024,0.998173,6.67
1785827762330971365,runner,0.9882055268978859,49647616,-1.0,-1,0.998173,6.67
1785827762330971365,raycast-baseline,0.0,0,-1.0,-1,0.998173,6.67
1785827762330971365,injector,24.67656746283297,71200768,-1.0,-1,0.998173,6.67
1785827762330971365,autoware,195.99325163582137,2720591872,-1.0,-1,0.998173,6.67
1785827762330971365,observer,2.8035157761029246,32571392,-1.0,-1,0.998173,6.67
1785827763330964946,carla-server,259.5661555300458,13822492672,17.0,7443841024,0.997821,6.3
1785827763330964946,runner,0.0,49647616,-1.0,-1,0.997821,6.3
1785827763330964946,raycast-baseline,0.0,0,-1.0,-1,0.997821,6.3
1785827763330964946,injector,27.487509199908565,71204864,-1.0,-1,0.997821,6.3
1785827763330964946,autoware,182.84046452175357,2721136640,-1.0,-1,0.997821,6.3
1785827763330964946,observer,2.324740930751965,31600640,-1.0,-1,0.997821,6.3
1785827764330950434,carla-server,261.49260524032485,13822509056,14.0,7443841024,0.997591,6.3
1785827764330950434,runner,0.0,49647616,-1.0,-1,0.997591,6.3
1785827764330950434,raycast-baseline,0.0,0,-1.0,-1,0.997591,6.3
1785827764330950434,injector,25.91932955990889,71208960,-1.0,-1,0.997591,6.3
1785827764330950434,autoware,177.36040179776776,2721619968,-1.0,-1,0.997591,6.3
1785827764330950434,observer,2.294325508517516,31633408,-1.0,-1,0.997591,6.3
1785827765330964583,carla-server,257.5958815933776,13822496768,14.0,7443841024,0.997199,6.3
1785827765330964583,runner,1.9825405013184159,49647616,-1.0,-1,0.997199,6.3
1785827765330964583,raycast-baseline,0.0,0,-1.0,-1,0.997199,6.3
1785827765330964583,injector,25.740003289789996,71208960,-1.0,-1,0.997199,6.3
1785827765330964583,autoware,174.3960383055066,2720481280,-1.0,-1,0.997199,6.3
1785827765330964583,observer,2.2259834840368624,32079872,-1.0,-1,0.997199,6.3
1785827766330962835,carla-server,254.34986078664315,13822607360,14.0,7443841024,0.997121,6.3
1785827766330962835,runner,0.0,49647616,-1.0,-1,0.997121,6.3
1785827766330962835,raycast-baseline,0.0,0,-1.0,-1,0.997121,6.3
1785827766330962835,injector,29.28539416113669,71208960,-1.0,-1,0.997121,6.3
1785827766330962835,autoware,181.62496281161424,2722021376,-1.0,-1,0.997121,6.3
1785827766330962835,observer,2.3107313597963524,31711232,-1.0,-1,0.997121,6.3
1785827767330973302,carla-server,261.92313525210824,13822615552,17.0,7443841024,0.997664,6.3
1785827767330973302,runner,0.0,49647616,-1.0,-1,0.997664,6.3
1785827767330973302,raycast-baseline,0.0,0,-1.0,-1,0.997664,6.3
1785827767330973302,injector,27.98888024173048,71213056,-1.0,-1,0.997664,6.3
1785827767330973302,autoware,179.7841893732915,2721927168,-1.0,-1,0.997664,6.3
1785827767330973302,observer,2.257243194486872,32698368,-1.0,-1,0.997664,6.3
1785827768331345756,carla-server,263.4498528446653,13822619648,17.0,7443841024,0.997999,5.95
1785827768331345756,runner,0.9896283093669584,49647616,-1.0,-1,0.997999,5.95
1785827768331345756,raycast-baseline,0.0,0,-1.0,-1,0.997999,5.95
1785827768331345756,injector,26.747221292836876,71213056,-1.0,-1,0.997999,5.95
1785827768331345756,autoware,177.1220415112087,2721349632,-1.0,-1,0.997999,5.95
1785827768331345756,observer,2.2370252550280076,32116736,-1.0,-1,0.997999,5.95
1785827769330963357,carla-server,255.79765847872986,13822640128,18.0,7443841024,0.996961,5.95
1785827769330963357,runner,0.0,49647616,-1.0,-1,0.996961,5.95
1785827769330963357,raycast-baseline,0.0,0,-1.0,-1,0.996961,5.95
1785827769330963357,injector,27.324199191578526,71213056,-1.0,-1,0.996961,5.95
1785827769330963357,autoware,179.18238886131763,2722721792,-1.0,-1,0.996961,5.95
1785827769330963357,observer,2.320664488515071,32628736,-1.0,-1,0.996961,5.95
1785827770330993064,carla-server,261.872880357032,13822758912,13.0,7443841024,0.998404,5.95
1785827770330993064,runner,0.9990064920431206,49647616,-1.0,-1,0.998404,5.95
1785827770330993064,raycast-baseline,0.0,0,-1.0,-1,0.998404,5.95
1785827770330993064,injector,28.94019964997387,71286784,-1.0,-1,0.998404,5.95
1785827770330993064,autoware,202.01439821132698,2726060032,-1.0,-1,0.998404,5.95
1785827770330993064,observer,2.686516969299955,32198656,-1.0,-1,0.998404,5.95
1785827771331021280,carla-server,261.63832165105606,13822783488,14.0,7443841024,0.997165,5.95
1785827771331021280,runner,0.9997742779607943,49647616,-1.0,-1,0.997165,5.95
1785827771331021280,raycast-baseline,0.0,0,-1.0,-1,0.997165,5.95
1785827771331021280,injector,28.006489887927437,71290880,-1.0,-1,0.997165,5.95
1785827771331021280,autoware,178.08862825365992,2726264832,-1.0,-1,0.997165,5.95
1785827771331021280,observer,2.366453518572838,32894976,-1.0,-1,0.997165,5.95
1785827772330959587,carla-server,257.1893625324052,13822824448,14.0,7443841024,0.998117,5.95
1785827772330959587,runner,0.9956685203311731,49647616,-1.0,-1,0.998117,5.95
1785827772330959587,raycast-baseline,0.0,0,-1.0,-1,0.998117,5.95
1785827772330959587,injector,23.89790787469291,71290880,-1.0,-1,0.998117,5.95
1785827772330959587,autoware,177.07337295200935,2726739968,-1.0,-1,0.998117,5.95
1785827772330959587,observer,2.299763502432979,32043008,-1.0,-1,0.998117,5.95
1785827773331070160,carla-server,268.46808603817743,13822750720,17.0,7443841024,0.998157,6.04
1785827773331070160,runner,0.0,49647616,-1.0,-1,0.998157,6.04
1785827773331070160,raycast-baseline,0.0,0,-1.0,-1,0.998157,6.04
1785827773331070160,injector,24.2837393209995,71290880,-1.0,-1,0.998157,6.04
1785827773331070160,autoware,172.8883329463376,2726801408,-1.0,-1,0.998157,6.04
1785827773331070160,observer,2.3641193670259018,32403456,-1.0,-1,0.998157,6.04
1785827774330963205,carla-server,257.39289338035104,13822799872,17.0,7443841024,0.997346,6.04
1785827774330963205,runner,0.9898417412157702,49651712,-1.0,-1,0.997346,6.04
1785827774330963205,raycast-baseline,0.0,0,-1.0,-1,0.997346,6.04
1785827774330963205,injector,24.749736211225922,71294976,-1.0,-1,0.997346,6.04
1785827774330963205,autoware,175.63517608283513,2727182336,-1.0,-1,0.997346,6.04
1785827774330963205,observer,2.1930516416088772,32452608,-1.0,-1,0.997346,6.04
1785827775330955348,carla-server,264.6962719278225,13822857216,14.0,7443841024,0.997587,6.04
1785827775330955348,runner,0.0,49651712,-1.0,-1,0.997587,6.04
1785827775330955348,raycast-baseline,0.0,0,-1.0,-1,0.997587,6.04
1785827775330955348,injector,28.3151567841633,71294976,-1.0,-1,0.997587,6.04
1785827775330955348,autoware,178.13129064668226,2726584320,-1.0,-1,0.997587,6.04
1785827775330955348,observer,2.2645889656471763,32231424,-1.0,-1,0.997587,6.04
1785827776331141412,carla-server,258.77358088016206,13822869504,18.0,7443841024,0.997602,6.04
1785827776331141412,runner,0.998230945101064,49651712,-1.0,-1,0.997602,6.04
1785827776331141412,raycast-baseline,0.0,0,-1.0,-1,0.997602,6.04
1785827776331141412,injector,26.964835993411622,71294976,-1.0,-1,0.997602,6.04
1785827776331141412,autoware,178.02509557248158,2725949440,-1.0,-1,0.997602,6.04
1785827776331141412,observer,2.279132938972879,32047104,-1.0,-1,0.997602,6.04
1785827777331067182,carla-server,258.78497195595907,13822873600,14.0,7443841024,0.997999,6.04
1785827777331067182,runner,0.9930114594225272,49651712,-1.0,-1,0.997999,6.04
1785827777331067182,raycast-baseline,0.0,0,-1.0,-1,0.997999,6.04
1785827777331067182,injector,27.7513483901261,71294976,-1.0,-1,0.997999,6.04
1785827777331067182,autoware,179.28857716259768,2727067648,-1.0,-1,0.997999,6.04
1785827777331067182,observer,2.3173706677243557,32485376,-1.0,-1,0.997999,6.04
1785827778330966499,carla-server,263.4359277461715,13822922752,14.0,7443841024,0.998628,5.71
1785827778330966499,runner,0.0,49651712,-1.0,-1,0.998628,5.71
1785827778330966499,raycast-baseline,0.0,0,-1.0,-1,0.998628,5.71
1785827778330966499,injector,25.26761688554992,71372800,-1.0,-1,0.998628,5.71
1785827778330966499,autoware,197.07592842749048,2730385408,-1.0,-1,0.998628,5.71
1785827778330966499,observer,2.660265985285915,32854016,-1.0,-1,0.998628,5.71
1785827779330964527,carla-server,258.9622210377349,13822922752,15.0,7443841024,0.997168,5.71
1785827779330964527,runner,0.9981079924749737,49651712,-1.0,-1,0.997168,5.71
1785827779330964527,raycast-baseline,0.0,0,-1.0,-1,0.997168,5.71
1785827779330964527,injector,25.927783267373076,71376896,-1.0,-1,0.997168,5.71
1785827779330964527,autoware,176.78715726101944,2730303488,-1.0,-1,0.997168,5.71
1785827779330964527,observer,2.3698413298723273,32407552,-1.0,-1,0.997168,5.71
1785827780330980233,carla-server,259.59341793269004,13822955520,17.0,7443841024,0.997955,5.71
1785827780330980233,runner,0.0,49651712,-1.0,-1,0.997955,5.71
1785827780330980233,raycast-baseline,0.0,0,-1.0,-1,0.997955,5.71
1785827780330980233,injector,26.8020124618358,71376896,-1.0,-1,0.997955,5.71
1785827780330980233,autoware,178.62730037489482,2730565632,-1.0,-1,0.997955,5.71
1785827780330980233,observer,2.290109622196341,33046528,-1.0,-1,0.997955,5.71
1785827781330964510,carla-server,264.32744340134593,13822959616,14.0,7443841024,0.998032,5.71
1785827781330964510,runner,0.997697554488086,49651712,-1.0,-1,0.998032,5.71
1785827781330964510,raycast-baseline,0.0,0,-1.0,-1,0.998032,5.71
1785827781330964510,injector,25.947544962161107,71376896,-1.0,-1,0.998032,5.71
1785827781330964510,autoware,177.70549272175836,2731315200,-1.0,-1,0.998032,5.71
1785827781330964510,observer,2.2915882768026576,32067584,-1.0,-1,0.998032,5.71
1785827782330964162,carla-server,262.0555647941891,13822959616,17.0,7443841024,0.997449,5.71
1785827782330964162,runner,1.0028607052939993,49651712,-1.0,-1,0.997449,5.71
1785827782330964162,raycast-baseline,0.0,0,-1.0,-1,0.997449,5.71
1785827782330964162,injector,29.091586160693584,71376896,-1.0,-1,0.997449,5.71
1785827782330964162,autoware,183.36464070073973,2731024384,-1.0,-1,0.997449,5.71
1785827782330964162,observer,2.327457414325368,32337920,-1.0,-1,0.997449,5.71
1785827783330967327,carla-server,259.9938719446905,13822894080,14.0,7443841024,0.997768,5.42
1785827783330967327,runner,0.0,49651712,-1.0,-1,0.997768,5.42
1785827783330967327,raycast-baseline,0.0,0,-1.0,-1,0.997768,5.42
1785827783330967327,injector,28.024859591647242,71380992,-1.0,-1,0.997768,5.42
1785827783330967327,autoware,179.66664105325086,2731057152,-1.0,-1,0.997768,5.42
1785827783330967327,observer,2.287686305225758,32325632,-1.0,-1,0.997768,5.42
1785827784330964129,carla-server,258.17037437597946,13823033344,14.0,7443841024,0.997432,5.42
1785827784330964129,runner,1.0013214790001914,49651712,-1.0,-1,0.997432,5.42
1785827784330964129,raycast-baseline,0.0,0,-1.0,-1,0.997432,5.42
1785827784330964129,injector,24.02966515032999,71380992,-1.0,-1,0.997432,5.42
1785827784330964129,autoware,174.0711354877487,2731794432,-1.0,-1,0.997432,5.42
1785827784330964129,observer,2.2989858792807363,32628736,-1.0,-1,0.997432,5.42
1785827785330968067,carla-server,256.5589670732108,13822984192,17.0,7443841024,0.997242,5.42
1785827785330968067,runner,0.0,49651712,-1.0,-1,0.997242,5.42
1785827785330968067,raycast-baseline,0.0,0,-1.0,-1,0.997242,5.42
1785827785330968067,injector,28.055848364551316,71380992,-1.0,-1,0.997242,5.42
1785827785330968067,autoware,179.03208960651455,2731413504,-1.0,-1,0.997242,5.42
1785827785330968067,observer,2.2687906996710554,32157696,-1.0,-1,0.997242,5.42
1785827786330971727,carla-server,266.97205616654975,13822988288,17.0,7443841024,0.998562,5.42
1785827786330971727,runner,0.9831550500312671,49651712,-1.0,-1,0.998562,5.42
1785827786330971727,raycast-baseline,0.0,0,-1.0,-1,0.998562,5.42
1785827786330971727,injector,27.47374656611733,71458816,-1.0,-1,0.998562,5.42
1785827786330971727,autoware,200.5617394967245,2734874624,-1.0,-1,0.998562,5.42
1785827786330971727,observer,2.826062809473174,31457280,-1.0,-1,0.998562,5.42
1785827787330957695,carla-server,255.01778999444124,13822988288,17.0,7443841024,0.997726,5.42
1785827787330957695,runner,1.0147813786262312,49651712,-1.0,-1,0.997726,5.42
1785827787330957695,raycast-baseline,0.0,0,-1.0,-1,0.997726,5.42
1785827787330957695,injector,25.41962609451682,71458816,-1.0,-1,0.997726,5.42
1785827787330957695,autoware,180.08965601476206,2734923776,-1.0,-1,0.997726,5.42
1785827787330957695,observer,2.3345600672145066,32100352,-1.0,-1,0.997726,5.42
1785827788330963294,carla-server,261.7384335287736,13822865408,14.0,7443841024,0.998105,5.06
1785827788330963294,runner,0.0,49651712,-1.0,-1,0.998105,5.06
1785827788330963294,raycast-baseline,0.0,0,-1.0,-1,0.998105,5.06
1785827788330963294,injector,24.95630560182358,71458816,-1.0,-1,0.998105,5.06
1785827788330963294,autoware,175.0586741801908,2734370816,-1.0,-1,0.998105,5.06
1785827788330963294,observer,2.2558841933212457,32804864,-1.0,-1,0.998105,5.06
1785827789330961262,carla-server,268.60362587485804,13822865408,14.0,7443841024,0.997174,5.06
1785827789330961262,runner,0.9868337051674627,49651712,-1.0,-1,0.997174,5.06
1785827789330961262,raycast-baseline,0.0,0,-1.0,-1,0.997174,5.06
1785827789330961262,injector,26.634895800009055,71458816,-1.0,-1,0.997174,5.06
1785827789330961262,autoware,174.4482657031228,2735427584,-1.0,-1,0.997174,5.06
1785827789330961262,observer,2.2695636519776445,32813056,-1.0,-1,0.997174,5.06
1785827790330965858,carla-server,258.9286715142989,13822746624,17.0,7443841024,0.997166,5.06
1785827790330965858,runner,1.0121408276072557,49651712,-1.0,-1,0.997166,5.06
1785827790330965858,raycast-baseline,0.0,0,-1.0,-1,0.997166,5.06
1785827790330965858,injector,26.35068933478631,71462912,-1.0,-1,0.997166,5.06
1785827790330965858,autoware,178.61691213565402,2735419392,-1.0,-1,0.997166,5.06
1785827790330965858,observer,2.265595249195159,32935936,-1.0,-1,0.997166,5.06
1785827791330961771,carla-server,257.943819272885,13822554112,18.0,7443841024,0.997695,5.06
1785827791330961771,runner,0.0,49651712,-1.0,-1,0.997695,5.06
1785827791330961771,raycast-baseline,0.0,0,-1.0,-1,0.997695,5.06
1785827791330961771,injector,26.06676608523873,71462912,-1.0,-1,0.997695,5.06
1785827791330961771,autoware,179.27741217681853,2734792704,-1.0,-1,0.997695,5.06
1785827791330961771,observer,2.3189982284369006,32792576,-1.0,-1,0.997695,5.06
1785827792330961022,carla-server,263.0614960195696,13822554112,17.0,7443841024,0.998478,5.06
1785827792330961022,runner,0.996902762682616,49655808,-1.0,-1,0.998478,5.06
1785827792330961022,raycast-baseline,0.0,0,-1.0,-1,0.998478,5.06
1785827792330961022,injector,26.943223515013305,71462912,-1.0,-1,0.998478,5.06
1785827792330961022,autoware,178.0789802842956,2735427584,-1.0,-1,0.998478,5.06
1785827792330961022,observer,2.2820200002410305,33402880,-1.0,-1,0.998478,5.06
1785827793330971923,carla-server,262.66245300740263,13822550016,14.0,7443841024,0.997813,5.54
1785827793330971923,runner,0.9984674662684835,49655808,-1.0,-1,0.997813,5.54
1785827793330971923,raycast-baseline,0.0,0,-1.0,-1,0.997813,5.54
1785827793330971923,injector,27.906585022946086,71467008,-1.0,-1,0.997813,5.54
1785827793330971923,autoware,179.33935912550248,2736181248,-1.0,-1,0.997813,5.54
1785827793330971923,observer,2.248876819152296,32952320,-1.0,-1,0.997813,5.54
1785827794330957311,carla-server,262.35950782244447,13822554112,14.0,7443841024,0.996161,5.54
1785827794330957311,runner,0.0,49655808,-1.0,-1,0.996161,5.54
1785827794330957311,raycast-baseline,0.0,0,-1.0,-1,0.996161,5.54
1785827794330957311,injector,24.04649803995124,71540736,-1.0,-1,0.996161,5.54
1785827794330957311,autoware,198.82180723473323,2737946624,-1.0,-1,0.996161,5.54
1785827794330957311,observer,2.7790624396621517,33652736,-1.0,-1,0.996161,5.54
1785827795330962384,carla-server,259.4453116729431,13822681088,17.0,7443841024,0.997597,5.54
1785827795330962384,runner,0.0,49655808,-1.0,-1,0.997597,5.54
1785827795330962384,raycast-baseline,0.0,0,-1.0,-1,0.997597,5.54
1785827795330962384,injector,28.102980872255134,71544832,-1.0,-1,0.997597,5.54
1785827795330962384,autoware,178.56364576166303,2737844224,-1.0,-1,0.997597,5.54
1785827795330962384,observer,2.331534241686069,32944128,-1.0,-1,0.997597,5.54
1785827796330964422,carla-server,261.52582161681113,13822550016,12.0,7443841024,0.997833,5.54
1785827796330964422,runner,2.015466051598278,49655808,-1.0,-1,0.997833,5.54
1785827796330964422,raycast-baseline,0.0,0,-1.0,-1,0.997833,5.54
1785827796330964422,injector,27.17182185786689,71544832,-1.0,-1,0.997833,5.54
1785827796330964422,autoware,172.1818629459769,2737340416,-1.0,-1,0.997833,5.54
1785827796330964422,observer,2.2576002958312555,32456704,-1.0,-1,0.997833,5.54
1785827797330921857,carla-server,260.81418997148285,13822664704,14.0,7443841024,0.996531,5.54
1785827797330921857,runner,0.0,49655808,-1.0,-1,0.996531,5.54
1785827797330921857,raycast-baseline,0.0,0,-1.0,-1,0.996531,5.54
1785827797330921857,injector,25.89242074620578,71544832,-1.0,-1,0.996531,5.54
1785827797330921857,autoware,180.29963634612687,2738135040,-1.0,-1,0.996531,5.54
1785827797330921857,observer,2.2935313020189545,32940032,-1.0,-1,0.996531,5.54
1785827798330971494,carla-server,258.5562106496455,13822668800,14.0,7443841024,0.997781,5.58
1785827798330971494,runner,0.0,49655808,-1.0,-1,0.997781,5.58
1785827798330971494,raycast-baseline,0.0,0,-1.0,-1,0.997781,5.58
1785827798330971494,injector,26.360168410015135,71544832,-1.0,-1,0.997781,5.58
1785827798330971494,autoware,185.25328625800057,2738388992,-1.0,-1,0.997781,5.58
1785827798330971494,observer,2.4177262224295273,32620544,-1.0,-1,0.997781,5.58
1785827799330970354,carla-server,264.9479518463848,13822922752,17.0,7443841024,0.997838,5.58
1785827799330970354,runner,2.0555462683012626,49655808,-1.0,-1,0.997838,5.58
1785827799330970354,raycast-baseline,0.0,0,-1.0,-1,0.997838,5.58
1785827799330970354,injector,23.604234919529183,71548928,-1.0,-1,0.997838,5.58
1785827799330970354,autoware,169.4695152466324,2738221056,-1.0,-1,0.997838,5.58
1785827799330970354,observer,2.34820413181537,33054720,-1.0,-1,0.997838,5.58
1785827800331115839,carla-server,258.83065998149266,13789286400,14.0,7443841024,0.997707,5.58
1785827800331115839,runner,0.0,49655808,-1.0,-1,0.997707,5.58
1785827800331115839,raycast-baseline,0.0,0,-1.0,-1,0.997707,5.58
1785827800331115839,injector,27.763361790000502,71548928,-1.0,-1,0.997707,5.58
1785827800331115839,autoware,182.14554570070834,2738053120,-1.0,-1,0.997707,5.58
1785827800331115839,observer,2.300015363368801,32468992,-1.0,-1,0.997707,5.58
1785827801330928487,carla-server,259.08002411955704,13789364224,14.0,7443841024,0.998119,5.58
1785827801330928487,runner,0.0,49655808,-1.0,-1,0.998119,5.58
1785827801330928487,raycast-baseline,0.0,0,-1.0,-1,0.998119,5.58
1785827801330928487,injector,22.996979116811183,71548928,-1.0,-1,0.998119,5.58
1785827801330928487,autoware,170.24618333491838,2738683904,-1.0,-1,0.998119,5.58
1785827801330928487,observer,2.2842224641990554,32149504,-1.0,-1,0.998119,5.58
1785827802330972359,carla-server,260.4168701173738,13789364224,14.0,7443841024,0.997719,5.58
1785827802330972359,runner,1.0156101194881246,49655808,-1.0,-1,0.997719,5.58
1785827802330972359,raycast-baseline,0.0,0,-1.0,-1,0.997719,5.58
1785827802330972359,injector,26.353105524460812,71622656,-1.0,-1,0.997719,5.58
1785827802330972359,autoware,203.92918748926695,2740510720,-1.0,-1,0.997719,5.58
1785827802330972359,observer,2.6410297528620044,33054720,-1.0,-1,0.997719,5.58
1785827803330983653,carla-server,261.75308177372443,13789556736,17.0,7443841024,0.997494,5.21
1785827803330983653,runner,0.9976689693971497,49655808,-1.0,-1,0.997494,5.21
1785827803330983653,raycast-baseline,0.0,0,-1.0,-1,0.997494,5.21
1785827803330983653,injector,27.975962353705313,71630848,-1.0,-1,0.997494,5.21
1785827803330983653,autoware,179.617991811333,2740137984,-1.0,-1,0.997494,5.21
1785827803330983653,observer,2.346329926133348,33771520,-1.0,-1,0.997494,5.21
1785827804330976527,carla-server,259.3164625514559,13789569024,17.0,7443841024,0.997383,5.21
1785827804330976527,runner,0.9911872648275172,49655808,-1.0,-1,0.997383,5.21
1785827804330976527,raycast-baseline,0.0,0,-1.0,-1,0.997383,5.21
1785827804330976527,injector,27.768954715783746,71630848,-1.0,-1,0.997383,5.21
1785827804330976527,autoware,177.68166529140524,2740420608,-1.0,-1,0.997383,5.21
1785827804330976527,observer,2.220118679179205,33247232,-1.0,-1,0.997383,5.21
1785827805330967536,carla-server,257.9933370629739,13789569024,14.0,7443841024,0.997731,5.21
1785827805330967536,runner,0.0,49655808,-1.0,-1,0.997731,5.21
1785827805330967536,raycast-baseline,0.0,0,-1.0,-1,0.997731,5.21
1785827805330967536,injector,25.937385025809622,71630848,-1.0,-1,0.997731,5.21
1785827805330967536,autoware,176.01729051005233,2740219904,-1.0,-1,0.997731,5.21
1785827805330967536,observer,2.2451144480966008,32935936,-1.0,-1,0.997731,5.21
1785827806330972565,carla-server,260.41675430683784,13789569024,14.0,7443841024,0.998194,5.21
1785827806330972565,runner,0.0,49655808,-1.0,-1,0.998194,5.21
1785827806330972565,raycast-baseline,0.0,0,-1.0,-1,0.998194,5.21
1785827806330972565,injector,27.065726681330027,71630848,-1.0,-1,0.998194,5.21
1785827806330972565,autoware,177.73077951269255,2740109312,-1.0,-1,0.998194,5.21
1785827806330972565,observer,2.3328006271295574,33689600,-1.0,-1,0.998194,5.21
1785827807331005898,carla-server,259.20040189496,13789655040,14.0,7443841024,0.997704,5.21
1785827807331005898,runner,0.9782539411847075,49655808,-1.0,-1,0.997704,5.21
1785827807331005898,raycast-baseline,0.0,0,-1.0,-1,0.997704,5.21
1785827807331005898,injector,26.415394976649193,71634944,-1.0,-1,0.997704,5.21
1785827807331005898,autoware,182.62757396107895,2740801536,-1.0,-1,0.997704,5.21
1785827807331005898,observer,2.3211092722104807,32567296,-1.0,-1,0.997704,5.21
1785827808330969997,carla-server,254.86820169592858,13789655040,17.0,7443841024,0.998022,4.95
1785827808330969997,runner,1.0242128779096293,49655808,-1.0,-1,0.998022,4.95
1785827808330969997,raycast-baseline,0.0,0,-1.0,-1,0.998022,4.95
1785827808330969997,injector,26.65981640631292,71634944,-1.0,-1,0.998022,4.95
1785827808330969997,autoware,173.76365968531147,2740899840,-1.0,-1,0.998022,4.95
1785827808330969997,observer,2.2253107053286736,33607680,-1.0,-1,0.998022,4.95
1785827809330967068,carla-server,257.9043244588293,13789655040,14.0,7443841024,0.997254,4.95
1785827809330967068,runner,0.0,49659904,-1.0,-1,0.997254,4.95
1785827809330967068,raycast-baseline,0.0,0,-1.0,-1,0.997254,4.95
1785827809330967068,injector,25.99292342661276,71634944,-1.0,-1,0.997254,4.95
1785827809330967068,autoware,178.58951761640097,2740269056,-1.0,-1,0.997254,4.95
1785827809330967068,observer,2.2578415411536814,33288192,-1.0,-1,0.997254,4.95
1785827810330968343,carla-server,262.158302495126,13789659136,14.0,7443841024,0.998162,4.95
1785827810330968343,runner,0.995629641875623,49659904,-1.0,-1,0.998162,4.95
1785827810330968343,raycast-baseline,0.0,0,-1.0,-1,0.998162,4.95
1785827810330968343,injector,25.852923647977832,71708672,-1.0,-1,0.998162,4.95
1785827810330968343,autoware,198.44986459793222,2743099392,-1.0,-1,0.998162,4.95
1785827810330968343,observer,2.732922472770214,34004992,-1.0,-1,0.998162,4.95
1785827811330963813,carla-server,260.7556239033632,13789609984,17.0,7443841024,0.997777,4.95
1785827811330963813,runner,1.0037673123727475,49659904,-1.0,-1,0.997777,4.95
1785827811330963813,raycast-baseline,0.0,0,-1.0,-1,0.997777,4.95
1785827811330963813,injector,26.131021333063742,71712768,-1.0,-1,0.997777,4.95
1785827811330963813,autoware,176.7623787354884,2742861824,-1.0,-1,0.997777,4.95
1785827811330963813,observer,2.365016623468621,33419264,-1.0,-1,0.997777,4.95
1785827812330960005,carla-server,255.51433776660494,13789618176,17.0,7443841024,0.997627,4.95
1785827812330960005,runner,0.0,49664000,-1.0,-1,0.997627,4.95
1785827812330960005,raycast-baseline,0.0,0,-1.0,-1,0.997627,4.95
1785827812330960005,injector,24.955974989809157,71712768,-1.0,-1,0.997627,4.95
1785827812330960005,autoware,175.93228340148474,2742759424,-1.0,-1,0.997627,4.95
1785827812330960005,observer,2.288843214861304,33431552,-1.0,-1,0.997627,4.95
1785827813330964377,carla-server,259.7331763685244,13789503488,17.0,7443841024,0.997899,4.63
1785827813330964377,runner,0.9981868843598365,49664000,-1.0,-1,0.997899,4.63
1785827813330964377,raycast-baseline,0.0,0,-1.0,-1,0.997899,4.63
1785827813330964377,injector,27.888934215801893,71712768,-1.0,-1,0.997899,4.63
1785827813330964377,autoware,178.10844760661294,2742247424,-1.0,-1,0.997899,4.63
1785827813330964377,observer,2.2932383533508913,33480704,-1.0,-1,0.997899,4.63
1785827814330980064,carla-server,260.99547694660646,13789503488,14.0,7443841024,0.997416,4.63
1785827814330980064,runner,0.0,49664000,-1.0,-1,0.997416,4.63
1785827814330980064,raycast-baseline,0.0,0,-1.0,-1,0.997416,4.63
1785827814330980064,injector,28.063099148904158,71716864,-1.0,-1,0.997416,4.63
1785827814330980064,autoware,179.03124085440305,2742173696,-1.0,-1,0.997416,4.63
1785827814330980064,observer,2.278353936004578,33361920,-1.0,-1,0.997416,4.63
1785827815330960430,carla-server,258.76893435020685,13789511680,14.0,7443841024,0.997672,4.63
1785827815330960430,runner,0.9988138975103096,49664000,-1.0,-1,0.997672,4.63
1785827815330960430,raycast-baseline,0.0,0,-1.0,-1,0.997672,4.63
1785827815330960430,injector,23.95403422044208,71716864,-1.0,-1,0.997672,4.63
1785827815330960430,autoware,174.4094398550724,2743341056,-1.0,-1,0.997672,4.63
1785827815330960430,observer,2.3166725064096707,33734656,-1.0,-1,0.997672,4.63
1785827816331001686,carla-server,259.1322089946087,13789511680,17.0,7443841024,1.001027,4.63
1785827816331001686,runner,1.0010744912964054,49664000,-1.0,-1,1.001027,4.63
1785827816331001686,raycast-baseline,0.0,0,-1.0,-1,1.001027,4.63
1785827816331001686,injector,27.04054456540272,71733248,-1.0,-1,1.001027,4.63
1785827816331001686,autoware,178.90283809109445,2743812096,-1.0,-1,1.001027,4.63
1785827816331001686,observer,0.0,0,-1.0,-1,1.001027,4.63
1785827817331069090,carla-server,264.3426645394412,13789466624,17.0,7443841024,-1,4.63
1785827817331069090,runner,0.0,49664000,-1.0,-1,-1,4.63
1785827817331069090,raycast-baseline,0.0,0,-1.0,-1,-1,4.63
1785827817331069090,injector,28.54231893029378,71733248,-1.0,-1,-1,4.63
1785827817331069090,autoware,164.75696740073064,2743001088,-1.0,-1,-1,4.63
1785827817331069090,observer,0.0,0,-1.0,-1,-1,4.63
