topic,frame_id,child_frame_id,header_stamp_ns
/tf,map,base_link,321200004786
/tf,map,base_link,321250004786
/tf,map,base_link,321300004787
/tf,map,base_link,321350004788
/tf,map,base_link,321400004789
/tf,map,base_link,321450004789
/tf,map,base_link,321500004790
/tf,map,base_link,321550004791
/tf,map,base_link,321600004792
/tf,map,base_link,321650004792
/tf,map,base_link,321700004793
/tf,map,base_link,321750004794
/tf,map,base_link,321800004795
/tf,map,base_link,321850004795
/tf,map,base_link,321900004796
/tf,map,base_link,321950004797
/tf,map,base_link,322000004798
/tf,map,base_link,322050004798
/tf,map,base_link,322100004799
/tf,map,base_link,322150004800
/tf,map,base_link,322200004801
/tf,map,base_link,322250004801
/tf,map,base_link,322300004802
/tf,map,base_link,322350004803
/tf,map,base_link,322400004804
/tf,map,base_link,322450004804
/tf,map,base_link,322500004805
/tf,map,base_link,322550004806
/tf,map,base_link,322600004807
/tf,map,base_link,322650004807
/tf,map,base_link,322700004808
/tf,map,base_link,322750004809
/tf,map,base_link,322800004810
/tf,map,base_link,322850004810
/tf,map,base_link,322900004811
/tf,map,base_link,322950004812
/tf,map,base_link,323000004813
/tf,map,base_link,323050004813
/tf,map,base_link,323100004814
/tf,map,base_link,323150004815
/tf,map,base_link,323200004816
/tf,map,base_link,323250004816
/tf,map,base_link,323300004817
/tf,map,base_link,323350004818
/tf,map,base_link,323400004819
/tf,map,base_link,323450004819
/tf,map,base_link,323500004820
/tf,map,base_link,323550004821
/tf,map,base_link,323600004822
/tf,map,base_link,323650004822
/tf,map,base_link,323700004823
/tf,map,base_link,323750004824
/tf,map,base_link,323800004824
/tf,map,base_link,323850004825
/tf,map,base_link,323900004826
/tf,map,base_link,323950004827
/tf,map,base_link,324000004827
/tf,map,base_link,324050004828
/tf,map,base_link,324100004829
/tf,map,base_link,324150004830
/tf,map,base_link,324200004830
/tf,map,base_link,324250004831
/tf,map,base_link,324300004832
/tf,map,base_link,324350004833
/tf,map,base_link,324400004833
/tf,map,base_link,324450004834
/tf,map,base_link,324500004835
/tf,map,base_link,324550004836
/tf,map,base_link,324600004836
/tf,map,base_link,324650004837
/tf,map,base_link,324700004838
/tf,map,base_link,324750004839
/tf,map,base_link,324800004839
/tf,map,base_link,324850004840
/tf,map,base_link,324900004841
/tf,map,base_link,324950004842
/tf,map,base_link,325000004842
/tf,map,base_link,325050004843
/tf,map,base_link,325100004844
/tf,map,base_link,325150004845
/tf,map,base_link,325200004845
/tf,map,base_link,325250004846
/tf,map,base_link,325300004847
/tf,map,base_link,325350004848
/tf,map,base_link,325400004848
/tf,map,base_link,325450004849
/tf,map,base_link,325500004850
/tf,map,base_link,325550004851
/tf,map,base_link,325600004851
/tf,map,base_link,325650004852
/tf,map,base_link,325700004853
/tf,map,base_link,325750004854
/tf,map,base_link,325800004854
/tf,map,base_link,325850004855
/tf,map,base_link,325900004856
/tf,map,base_link,325950004857
/tf,map,base_link,326000004857
/tf,map,base_link,326050004858
/tf,map,base_link,326100004859
/tf,map,base_link,326150004860
/tf,map,base_link,326200004860
/tf,map,base_link,326300004862
/tf,map,base_link,326350004862
/tf,map,base_link,326400004863
/tf,map,base_link,326450004864
/tf,map,base_link,326500004865
/tf,map,base_link,326550004865
/tf,map,base_link,326600004866
/tf,map,base_link,326650004867
/tf,map,base_link,326700004868
/tf,map,base_link,326750004868
/tf,map,base_link,326800004869
/tf,map,base_link,326850004870
/tf,map,base_link,326900004871
/tf,map,base_link,326950004871
/tf,map,base_link,327000004872
/tf,map,base_link,327050004873
/tf,map,base_link,327100004874
/tf,map,base_link,327150004874
/tf,map,base_link,327200004875
/tf,map,base_link,327250004876
/tf,map,base_link,327350004877
/tf,map,base_link,327400004878
/tf,map,base_link,327450004879
/tf,map,base_link,327500004880
/tf,map,base_link,327550004880
/tf,map,base_link,327600004881
/tf,map,base_link,327650004882
/tf,map,base_link,327700004883
/tf,map,base_link,327750004883
/tf,map,base_link,327800004884
/tf,map,base_link,327850004885
/tf,map,base_link,327900004886
/tf,map,base_link,327950004886
/tf,map,base_link,328000004887
/tf,map,base_link,328050004888
/tf,map,base_link,328100004889
/tf,map,base_link,328150004889
/tf,map,base_link,328200004890
/tf,map,base_link,328250004891
/tf,map,base_link,328300004892
/tf,map,base_link,328350004892
/tf,map,base_link,328400004893
/tf,map,base_link,328450004894
/tf,map,base_link,328500004895
/tf,map,base_link,328550004895
/tf,map,base_link,328600004896
/tf,map,base_link,328650004897
/tf,map,base_link,328700004898
/tf,map,base_link,328750004898
/tf,map,base_link,328800004899
/tf,map,base_link,328850004900
/tf,map,base_link,328900004900
/tf,map,base_link,328950004901
/tf,map,base_link,329000004902
/tf,map,base_link,329050004903
/tf,map,base_link,329100004903
/tf,map,base_link,329150004904
/tf,map,base_link,329200004905
/tf,map,base_link,329250004906
/tf,map,base_link,329300004906
/tf,map,base_link,329350004907
/tf,map,base_link,329400004908
/tf,map,base_link,329450004909
/tf,map,base_link,329500004909
/tf,map,base_link,329550004910
/tf,map,base_link,329600004911
/tf,map,base_link,329650004912
/tf,map,base_link,329700004912
/tf,map,base_link,329750004913
/tf,map,base_link,329800004914
/tf,map,base_link,329850004915
/tf,map,base_link,329900004915
/tf,map,base_link,329950004916
/tf,map,base_link,330000004917
/tf,map,base_link,330050004918
/tf,map,base_link,330100004918
/tf,map,base_link,330150004919
/tf,map,base_link,330200004920
/tf,map,base_link,330250004921
/tf,map,base_link,330300004921
/tf,map,base_link,330350004922
/tf,map,base_link,330400004923
/tf,map,base_link,330450004924
/tf,map,base_link,330500004924
/tf,map,base_link,330550004925
/tf,map,base_link,330600004926
/tf,map,base_link,330650004927
/tf,map,base_link,330700004927
/tf,map,base_link,330750004928
/tf,map,base_link,330800004929
/tf,map,base_link,330850004930
/tf,map,base_link,330900004930
/tf,map,base_link,330950004931
/tf,map,base_link,331000004932
/tf,map,base_link,331050004933
/tf,map,base_link,331100004933
/tf,map,base_link,331150004934
/tf,map,base_link,331200004935
/tf,map,base_link,331250004936
/tf,map,base_link,331300004936
/tf,map,base_link,331350004937
/tf,map,base_link,331400004938
/tf,map,base_link,331450004938
/tf,map,base_link,331500004939
/tf,map,base_link,331550004940
/tf,map,base_link,331600004941
/tf,map,base_link,331650004941
/tf,map,base_link,331700004942
/tf,map,base_link,331750004943
/tf,map,base_link,331800004944
/tf,map,base_link,331850004944
/tf,map,base_link,331900004945
/tf,map,base_link,331950004946
/tf,map,base_link,332000004947
/tf,map,base_link,332050004947
/tf,map,base_link,332100004948
/tf,map,base_link,332200004950
/tf,map,base_link,332250004950
/tf,map,base_link,332300004951
/tf,map,base_link,332350004952
/tf,map,base_link,332400004953
/tf,map,base_link,332450004953
/tf,map,base_link,332500004954
/tf,map,base_link,332550004955
/tf,map,base_link,332600004956
/tf,map,base_link,332650004956
/tf,map,base_link,332700004957
/tf,map,base_link,332750004958
/tf,map,base_link,332800004959
/tf,map,base_link,332850004959
/tf,map,base_link,332900004960
/tf,map,base_link,332950004961
/tf,map,base_link,333000004962
/tf,map,base_link,333050004962
/tf,map,base_link,333100004963
/tf,map,base_link,333150004964
/tf,map,base_link,333200004965
/tf,map,base_link,333250004965
/tf,map,base_link,333300004966
/tf,map,base_link,333350004967
/tf,map,base_link,333400004968
/tf,map,base_link,333450004968
/tf,map,base_link,333500004969
/tf,map,base_link,333550004970
/tf,map,base_link,333600004971
/tf,map,base_link,333650004971
/tf,map,base_link,333700004972
/tf,map,base_link,333750004973
/tf,map,base_link,333800004974
/tf,map,base_link,333850004974
/tf,map,base_link,333900004975
/tf,map,base_link,333950004976
/tf,map,base_link,334000004976
/tf,map,base_link,334050004977
/tf,map,base_link,334100004978
/tf,map,base_link,334150004979
/tf,map,base_link,334200004979
/tf,map,base_link,334250004980
/tf,map,base_link,334300004981
/tf,map,base_link,334350004982
/tf,map,base_link,334400004982
/tf,map,base_link,334450004983
/tf,map,base_link,334500004984
/tf,map,base_link,334550004985
/tf,map,base_link,334600004985
/tf,map,base_link,334650004986
/tf,map,base_link,334700004987
/tf,map,base_link,334750004988
/tf,map,base_link,334800004988
/tf,map,base_link,334850004989
/tf,map,base_link,334900004990
/tf,map,base_link,334950004991
/tf,map,base_link,335000004991
/tf,map,base_link,335050004992
/tf,map,base_link,335100004993
/tf,map,base_link,335150004994
/tf,map,base_link,335200004994
/tf,map,base_link,335250004995
/tf,map,base_link,335300004996
/tf,map,base_link,335350004997
/tf,map,base_link,335400004997
/tf,map,base_link,335450004998
/tf,map,base_link,335500004999
/tf,map,base_link,335550005000
/tf,map,base_link,335600005000
/tf,map,base_link,335700005002
/tf,map,base_link,335750005003
/tf,map,base_link,335800005003
/tf,map,base_link,335850005004
/tf,map,base_link,335900005005
/tf,map,base_link,335950005006
/tf,map,base_link,336000005006
/tf,map,base_link,336050005007
/tf,map,base_link,336100005008
/tf,map,base_link,336150005009
/tf,map,base_link,336200005009
/tf,map,base_link,336250005010
/tf,map,base_link,336300005011
/tf,map,base_link,336350005012
/tf,map,base_link,336400005012
/tf,map,base_link,336450005013
/tf,map,base_link,336500005014
/tf,map,base_link,336550005014
/tf,map,base_link,336600005015
/tf,map,base_link,336650005016
/tf,map,base_link,336700005017
/tf,map,base_link,336750005017
/tf,map,base_link,336800005018
/tf,map,base_link,336850005019
/tf,map,base_link,336900005020
/tf,map,base_link,336950005020
/tf,map,base_link,337000005021
/tf,map,base_link,337050005022
/tf,map,base_link,337100005023
/tf,map,base_link,337150005023
/tf,map,base_link,337200005024
/tf,map,base_link,337250005025
/tf,map,base_link,337300005026
/tf,map,base_link,337350005026
/tf,map,base_link,337400005027
/tf,map,base_link,337450005028
/tf,map,base_link,337500005029
/tf,map,base_link,337550005029
/tf,map,base_link,337600005030
/tf,map,base_link,337650005031
/tf,map,base_link,337700005032
/tf,map,base_link,337750005032
/tf,map,base_link,337800005033
/tf,map,base_link,337850005034
/tf,map,base_link,337900005035
/tf,map,base_link,337950005035
/tf,map,base_link,338000005036
/tf,map,base_link,338050005037
/tf,map,base_link,338100005038
/tf,map,base_link,338150005038
/tf,map,base_link,338200005039
/tf,map,base_link,338250005040
/tf,map,base_link,338300005041
/tf,map,base_link,338350005041
/tf,map,base_link,338400005042
/tf,map,base_link,338450005043
/tf,map,base_link,338500005044
/tf,map,base_link,338550005044
/tf,map,base_link,338600005045
/tf,map,base_link,338650005046
/tf,map,base_link,338700005047
/tf,map,base_link,338750005047
/tf,map,base_link,338800005048
/tf,map,base_link,338850005049
/tf,map,base_link,338900005050
/tf,map,base_link,338950005050
/tf,map,base_link,339000005051
/tf,map,base_link,339050005052
/tf,map,base_link,339100005052
/tf,map,base_link,339150005053
/tf,map,base_link,339200005054
/tf,map,base_link,339250005055
/tf,map,base_link,339300005055
/tf,map,base_link,339350005056
/tf,map,base_link,339400005057
/tf,map,base_link,339450005058
/tf,map,base_link,339500005058
/tf,map,base_link,339550005059
/tf,map,base_link,339600005060
/tf,map,base_link,339650005061
/tf,map,base_link,339700005061
/tf,map,base_link,339750005062
/tf,map,base_link,339800005063
/tf,map,base_link,339850005064
/tf,map,base_link,339900005064
/tf,map,base_link,339950005065
/tf,map,base_link,340000005066
/tf,map,base_link,340050005067
/tf,map,base_link,340100005067
/tf,map,base_link,340150005068
/tf,map,base_link,340200005069
/tf,map,base_link,340250005070
/tf,map,base_link,340300005070
/tf,map,base_link,340350005071
/tf,map,base_link,340400005072
/tf,map,base_link,340450005073
/tf,map,base_link,340500005073
/tf,map,base_link,340550005074
/tf,map,base_link,340600005075
/tf,map,base_link,340650005076
/tf,map,base_link,340700005076
/tf,map,base_link,340750005077
/tf,map,base_link,340800005078
/tf,map,base_link,340850005079
/tf,map,base_link,340900005079
/tf,map,base_link,340950005080
/tf,map,base_link,341000005081
/tf,map,base_link,341050005082
/tf,map,base_link,341100005082
/tf,map,base_link,341150005083
/tf,map,base_link,341200005084
/tf,map,base_link,341250005085
/tf,map,base_link,341300005085
/tf,map,base_link,341400005087
/tf,map,base_link,341450005088
/tf,map,base_link,341500005088
/tf,map,base_link,341550005089
/tf,map,base_link,341650005090
/tf,map,base_link,341700005091
/tf,map,base_link,341750005092
/tf,map,base_link,341800005093
/tf,map,base_link,341850005093
/tf,map,base_link,341900005094
/tf,map,base_link,341950005095
/tf,map,base_link,342000005096
/tf,map,base_link,342050005096
/tf,map,base_link,342100005097
/tf,map,base_link,342150005098
/tf,map,base_link,342200005099
/tf,map,base_link,342250005099
/tf,map,base_link,342300005100
/tf,map,base_link,342350005101
/tf,map,base_link,342400005102
/tf,map,base_link,342450005102
/tf,map,base_link,342500005103
/tf,map,base_link,342550005104
/tf,map,base_link,342600005105
/tf,map,base_link,342650005105
/tf,map,base_link,342700005106
/tf,map,base_link,342750005107
/tf,map,base_link,342800005108
/tf,map,base_link,342850005108
/tf,map,base_link,342900005109
/tf,map,base_link,343000005111
/tf,map,base_link,343050005111
/tf,map,base_link,343100005112
/tf,map,base_link,343150005113
/tf,map,base_link,343200005114
/tf,map,base_link,343250005114
/tf,map,base_link,343300005115
/tf,map,base_link,343350005116
/tf,map,base_link,343400005117
/tf,map,base_link,343450005117
/tf,map,base_link,343500005118
/tf,map,base_link,343550005119
/tf,map,base_link,343600005120
/tf,map,base_link,343650005120
/tf,map,base_link,343700005121
/tf,map,base_link,343750005122
/tf,map,base_link,343800005123
/tf,map,base_link,343850005123
/tf,map,base_link,343900005124
/tf,map,base_link,343950005125
/tf,map,base_link,344000005125
/tf,map,base_link,344050005126
/tf,map,base_link,344100005127
/tf,map,base_link,344150005128
/tf,map,base_link,344200005128
/tf,map,base_link,344250005129
/tf,map,base_link,344300005130
/tf,map,base_link,344350005131
/tf,map,base_link,344400005131
/tf,map,base_link,344450005132
/tf,map,base_link,344500005133
/tf,map,base_link,344550005134
/tf,map,base_link,344600005134
/tf,map,base_link,344650005135
/tf,map,base_link,344700005136
/tf,map,base_link,344750005137
/tf,map,base_link,344800005137
/tf,map,base_link,344850005138
/tf,map,base_link,344950005140
/tf,map,base_link,345000005140
/tf,map,base_link,345050005141
/tf,map,base_link,345100005142
/tf,map,base_link,345150005143
/tf,map,base_link,345200005143
/tf,map,base_link,345250005144
/tf,map,base_link,345300005145
/tf,map,base_link,345350005146
/tf,map,base_link,345400005146
/tf,map,base_link,345450005147
/tf,map,base_link,345500005148
/tf,map,base_link,345550005149
/tf,map,base_link,345650005150
/tf,map,base_link,345700005151
/tf,map,base_link,345750005152
/tf,map,base_link,345800005152
/tf,map,base_link,345850005153
/tf,map,base_link,345900005154
/tf,map,base_link,345950005155
/tf,map,base_link,346000005155
/tf,map,base_link,346050005156
/tf,map,base_link,346100005157
/tf,map,base_link,346150005158
/tf,map,base_link,346200005158
/tf,map,base_link,346250005159
/tf,map,base_link,346300005160
/tf,map,base_link,346350005161
/tf,map,base_link,346400005161
/tf,map,base_link,346450005162
/tf,map,base_link,346500005163
/tf,map,base_link,346550005163
/tf,map,base_link,346600005164
/tf,map,base_link,346650005165
/tf,map,base_link,346700005166
/tf,map,base_link,346750005166
/tf,map,base_link,346800005167
/tf,map,base_link,346850005168
/tf,map,base_link,346900005169
/tf,map,base_link,346950005169
/tf,map,base_link,347000005170
/tf,map,base_link,347050005171
/tf,map,base_link,347100005172
/tf,map,base_link,347150005172
/tf,map,base_link,347200005173
/tf,map,base_link,347250005174
/tf,map,base_link,347300005175
/tf,map,base_link,347350005175
/tf,map,base_link,347400005176
/tf,map,base_link,347450005177
/tf,map,base_link,347500005178
/tf,map,base_link,347550005178
/tf,map,base_link,347600005179
/tf,map,base_link,347650005180
/tf,map,base_link,347700005181
/tf,map,base_link,347750005181
/tf,map,base_link,347800005182
/tf,map,base_link,347850005183
/tf,map,base_link,347900005184
/tf,map,base_link,347950005184
/tf,map,base_link,348000005185
/tf,map,base_link,348050005186
/tf,map,base_link,348100005187
/tf,map,base_link,348150005187
/tf,map,base_link,348200005188
/tf,map,base_link,348250005189
/tf,map,base_link,348300005190
/tf,map,base_link,348350005190
/tf,map,base_link,348400005191
/tf,map,base_link,348450005192
/tf,map,base_link,348500005193
/tf,map,base_link,348550005193
/tf,map,base_link,348600005194
/tf,map,base_link,348650005195
/tf,map,base_link,348700005196
/tf,map,base_link,348750005196
/tf,map,base_link,348800005197
/tf,map,base_link,348850005198
/tf,map,base_link,348900005199
/tf,map,base_link,348950005199
/tf,map,base_link,349000005200
/tf,map,base_link,349050005201
/tf,map,base_link,349100005201
/tf,map,base_link,349150005202
/tf,map,base_link,349200005203
/tf,map,base_link,349250005204
/tf,map,base_link,349300005204
/tf,map,base_link,349350005205
/tf,map,base_link,349400005206
/tf,map,base_link,349450005207
/tf,map,base_link,349550005208
/tf,map,base_link,349600005209
/tf,map,base_link,349650005210
/tf,map,base_link,349700005210
/tf,map,base_link,349750005211
/tf,map,base_link,349800005212
/tf,map,base_link,349850005213
/tf,map,base_link,349900005213
/tf,map,base_link,349950005214
/tf,map,base_link,350000005215
/tf,map,base_link,350050005216
/tf,map,base_link,350100005216
/tf,map,base_link,350150005217
/tf,map,base_link,350200005218
/tf,map,base_link,350250005219
/tf,map,base_link,350300005219
/tf,map,base_link,350350005220
/tf,map,base_link,350400005221
/tf,map,base_link,350450005222
/tf,map,base_link,350500005222
/tf,map,base_link,350550005223
/tf,map,base_link,350600005224
/tf,map,base_link,350700005225
/tf,map,base_link,350750005226
/tf,map,base_link,350800005227
/tf,map,base_link,350850005228
/tf,map,base_link,350900005228
/tf,map,base_link,350950005229
/tf,map,base_link,351000005230
/tf,map,base_link,351050005231
/tf,map,base_link,351100005231
/tf,map,base_link,351150005232
/tf,map,base_link,351200005233
/tf,map,base_link,351250005234
/tf,map,base_link,351300005234
/tf,map,base_link,351400005236
/tf,map,base_link,351450005237
/tf,map,base_link,351500005237
/tf,map,base_link,351550005238
/tf,map,base_link,351600005239
/tf,map,base_link,351650005239
/tf,map,base_link,351700005240
/tf,map,base_link,351750005241
/tf,map,base_link,351800005242
/tf,map,base_link,351850005242
/tf,map,base_link,351900005243
/tf,map,base_link,351950005244
/tf,map,base_link,352000005245
/tf,map,base_link,352050005245
/tf,map,base_link,352100005246
/tf,map,base_link,352150005247
/tf,map,base_link,352200005248
/tf,map,base_link,352250005248
/tf,map,base_link,352300005249
/tf,map,base_link,352350005250
/tf,map,base_link,352400005251
/tf,map,base_link,352450005251
/tf,map,base_link,352500005252
/tf,map,base_link,352550005253
/tf,map,base_link,352600005254
/tf,map,base_link,352650005254
/tf,map,base_link,352700005255
/tf,map,base_link,352750005256
/tf,map,base_link,352800005257
/tf,map,base_link,352850005257
/tf,map,base_link,352900005258
/tf,map,base_link,352950005259
/tf,map,base_link,353000005260
/tf,map,base_link,353050005260
/tf,map,base_link,353100005261
/tf,map,base_link,353150005262
/tf,map,base_link,353200005263
/tf,map,base_link,353250005263
/tf,map,base_link,353300005264
/tf,map,base_link,353350005265
/tf,map,base_link,353400005266
/tf,map,base_link,353450005266
/tf,map,base_link,353500005267
/tf,map,base_link,353550005268
/tf,map,base_link,353600005269
/tf,map,base_link,353650005269
/tf,map,base_link,353700005270
/tf,map,base_link,353750005271
/tf,map,base_link,353800005272
/tf,map,base_link,353900005273
/tf,map,base_link,353950005274
/tf,map,base_link,354000005275
/tf,map,base_link,354050005275
/tf,map,base_link,354100005276
/tf,map,base_link,354150005277
/tf,map,base_link,354250005278
/tf,map,base_link,354300005279
/tf,map,base_link,354350005280
/tf,map,base_link,354400005280
/tf,map,base_link,354450005281
/tf,map,base_link,354500005282
/tf,map,base_link,354550005283
/tf,map,base_link,354600005283
/tf,map,base_link,354650005284
/tf,map,base_link,354700005285
/tf,map,base_link,354750005286
/tf,map,base_link,354800005286
/tf,map,base_link,354850005287
/tf,map,base_link,354900005288
/tf,map,base_link,354950005289
/tf,map,base_link,355000005289
/tf,map,base_link,355050005290
/tf,map,base_link,355100005291
/tf,map,base_link,355150005292
/tf,map,base_link,355200005292
/tf,map,base_link,355250005293
/tf,map,base_link,355300005294
/tf,map,base_link,355350005295
/tf,map,base_link,355400005295
/tf,map,base_link,355450005296
/tf,map,base_link,355500005297
/tf,map,base_link,355550005298
/tf,map,base_link,355600005298
/tf,map,base_link,355650005299
/tf,map,base_link,355700005300
/tf,map,base_link,355750005301
/tf,map,base_link,355800005301
/tf,map,base_link,355850005302
/tf,map,base_link,355900005303
/tf,map,base_link,355950005304
/tf,map,base_link,356000005304
/tf,map,base_link,356100005306
/tf,map,base_link,356150005307
/tf,map,base_link,356200005307
/tf,map,base_link,356250005308
/tf,map,base_link,356300005309
/tf,map,base_link,356350005310
/tf,map,base_link,356400005310
/tf,map,base_link,356450005311
/tf,map,base_link,356500005312
/tf,map,base_link,356550005313
/tf,map,base_link,356600005313
/tf,map,base_link,356650005314
/tf,map,base_link,356700005315
/tf,map,base_link,356750005315
/tf,map,base_link,356800005316
/tf,map,base_link,356850005317
/tf,map,base_link,356900005318
/tf,map,base_link,356950005318
/tf,map,base_link,357000005319
/tf,map,base_link,357050005320
/tf,map,base_link,357100005321
/tf,map,base_link,357150005321
/tf,map,base_link,357200005322
/tf,map,base_link,357250005323
/tf,map,base_link,357300005324
/tf,map,base_link,357350005324
/tf,map,base_link,357400005325
/tf,map,base_link,357450005326
/tf,map,base_link,357500005327
/tf,map,base_link,357550005327
/tf,map,base_link,357600005328
/tf,map,base_link,357650005329
/tf,map,base_link,357700005330
/tf,map,base_link,357750005330
/tf,map,base_link,357800005331
/tf,map,base_link,357850005332
/tf,map,base_link,357900005333
/tf,map,base_link,357950005333
/tf,map,base_link,358000005334
/tf,map,base_link,358050005335
/tf,map,base_link,358100005336
/tf,map,base_link,358150005336
/tf,map,base_link,358200005337
/tf,map,base_link,358250005338
/tf,map,base_link,358300005339
/tf,map,base_link,358350005339
/tf,map,base_link,358400005340
/tf,map,base_link,358450005341
/tf,map,base_link,358500005342
/tf,map,base_link,358550005342
/tf,map,base_link,358600005343
/tf,map,base_link,358650005344
/tf,map,base_link,358700005345
/tf,map,base_link,358750005345
/tf,map,base_link,358800005346
/tf,map,base_link,358850005347
/tf,map,base_link,358900005348
/tf,map,base_link,358950005348
/tf,map,base_link,359000005349
/tf,map,base_link,359050005350
/tf,map,base_link,359100005351
/tf,map,base_link,359150005351
/tf,map,base_link,359200005352
/tf,map,base_link,359250005353
/tf,map,base_link,359300005353
/tf,map,base_link,359350005354
/tf,map,base_link,359400005355
/tf,map,base_link,359450005356
/tf,map,base_link,359500005356
/tf,map,base_link,359550005357
/tf,map,base_link,359600005358
/tf,map,base_link,359650005359
/tf,map,base_link,359700005359
/tf,map,base_link,359750005360
/tf,map,base_link,359800005361
/tf,map,base_link,359850005362
/tf,map,base_link,359900005362
/tf,map,base_link,359950005363
/tf,map,base_link,360000005364
/tf,map,base_link,360050005365
/tf,map,base_link,360100005365
/tf,map,base_link,360150005366
/tf,map,base_link,360200005367
/tf,map,base_link,360250005368
/tf,map,base_link,360300005368
/tf,map,base_link,360350005369
/tf,map,base_link,360400005370
/tf,map,base_link,360450005371
/tf,map,base_link,360500005371
/tf,map,base_link,360550005372
/tf,map,base_link,360600005373
/tf,map,base_link,360650005374
/tf,map,base_link,360700005374
/tf,map,base_link,360750005375
/tf,map,base_link,360800005376
/tf,map,base_link,360850005377
/tf,map,base_link,360900005377
/tf,map,base_link,360950005378
/tf,map,base_link,361000005379
/tf,map,base_link,361050005380
/tf,map,base_link,361100005380
/tf,map,base_link,361150005381
/tf,map,base_link,361200005382
/tf,map,base_link,361250005383
/tf,map,base_link,361300005383
/tf,map,base_link,361350005384
/tf,map,base_link,361400005385
/tf,map,base_link,361450005386
/tf,map,base_link,361500005386
/tf,map,base_link,361550005387
/tf,map,base_link,361600005388
/tf,map,base_link,361650005389
/tf,map,base_link,361700005389
/tf,map,base_link,361750005390
/tf,map,base_link,361800005391
/tf,map,base_link,361850005391
/tf,map,base_link,361900005392
/tf,map,base_link,361950005393
/tf,map,base_link,362000005394
/tf,map,base_link,362050005394
/tf,map,base_link,362100005395
/tf,map,base_link,362150005396
/tf,map,base_link,362200005397
/tf,map,base_link,362250005397
/tf,map,base_link,362300005398
/tf,map,base_link,362350005399
/tf,map,base_link,362400005400
/tf,map,base_link,362450005400
/tf,map,base_link,362500005401
/tf,map,base_link,362550005402
/tf,map,base_link,362600005403
/tf,map,base_link,362650005403
/tf,map,base_link,362700005404
/tf,map,base_link,362750005405
/tf,map,base_link,362800005406
/tf,map,base_link,362850005406
/tf,map,base_link,362900005407
/tf,map,base_link,362950005408
/tf,map,base_link,363000005409
/tf,map,base_link,363050005409
/tf,map,base_link,363100005410
/tf,map,base_link,363150005411
/tf,map,base_link,363200005412
/tf,map,base_link,363250005412
/tf,map,base_link,363300005413
/tf,map,base_link,363350005414
/tf,map,base_link,363400005415
/tf,map,base_link,363450005415
/tf,map,base_link,363500005416
/tf,map,base_link,363550005417
/tf,map,base_link,363600005418
/tf,map,base_link,363650005418
/tf,map,base_link,363700005419
/tf,map,base_link,363750005420
/tf,map,base_link,363800005421
/tf,map,base_link,363850005421
/tf,map,base_link,363900005422
/tf,map,base_link,363950005423
/tf,map,base_link,364000005424
/tf,map,base_link,364050005424
/tf,map,base_link,364100005425
/tf,map,base_link,364150005426
/tf,map,base_link,364250005427
/tf,map,base_link,364350005429
/tf,map,base_link,364400005429
/tf,map,base_link,364450005430
/tf,map,base_link,364500005431
/tf,map,base_link,364550005432
/tf,map,base_link,364600005432
/tf,map,base_link,364650005433
/tf,map,base_link,364700005434
/tf,map,base_link,364750005435
/tf,map,base_link,364800005435
/tf,map,base_link,364850005436
/tf,map,base_link,364900005437
/tf,map,base_link,364950005438
/tf,map,base_link,365000005438
/tf,map,base_link,365050005439
/tf,map,base_link,365100005440
/tf,map,base_link,365200005441
/tf,map,base_link,365250005442
/tf,map,base_link,365300005443
/tf,map,base_link,365350005444
/tf,map,base_link,365400005444
/tf,map,base_link,365450005445
/tf,map,base_link,365500005446
/tf,map,base_link,365550005447
/tf,map,base_link,365600005447
/tf,map,base_link,365650005448
/tf,map,base_link,365700005449
/tf,map,base_link,365750005450
/tf,map,base_link,365800005450
/tf,map,base_link,365900005452
/tf,map,base_link,365950005453
/tf,map,base_link,366000005453
/tf,map,base_link,366050005454
/tf,map,base_link,366100005455
/tf,map,base_link,366150005456
/tf,map,base_link,366200005456
/tf,map,base_link,366250005457
/tf,map,base_link,366300005458
/tf,map,base_link,366350005459
/tf,map,base_link,366400005459
/tf,map,base_link,366450005460
/tf,map,base_link,366500005461
/tf,map,base_link,366550005462
/tf,map,base_link,366600005462
/tf,map,base_link,366650005463
/tf,map,base_link,366700005464
/tf,map,base_link,366750005465
/tf,map,base_link,366800005465
/tf,map,base_link,366850005466
/tf,map,base_link,366900005467
/tf,map,base_link,366950005467
/tf,map,base_link,367000005468
/tf,map,base_link,367100005470
/tf,map,base_link,367150005470
/tf,map,base_link,367200005471
/tf,map,base_link,367250005472
/tf,map,base_link,367300005473
/tf,map,base_link,367350005473
/tf,map,base_link,367400005474
/tf,map,base_link,367450005475
/tf,map,base_link,367500005476
/tf,map,base_link,367550005476
/tf,map,base_link,367650005478
/tf,map,base_link,367700005479
/tf,map,base_link,367750005479
/tf,map,base_link,367800005480
/tf,map,base_link,367850005481
/tf,map,base_link,367900005482
/tf,map,base_link,367950005482
/tf,map,base_link,368000005483
/tf,map,base_link,368050005484
/tf,map,base_link,368100005485
/tf,map,base_link,368150005485
/tf,map,base_link,368200005486
/tf,map,base_link,368250005487
/tf,map,base_link,368300005488
/tf,map,base_link,368350005488
/tf,map,base_link,368400005489
/tf,map,base_link,368450005490
/tf,map,base_link,368500005491
/tf,map,base_link,368550005491
/tf,map,base_link,368600005492
/tf,map,base_link,368650005493
/tf,map,base_link,368700005494
/tf,map,base_link,368750005494
/tf,map,base_link,368800005495
/tf,map,base_link,368850005496
/tf,map,base_link,368900005497
/tf,map,base_link,368950005497
/tf,map,base_link,369000005498
/tf,map,base_link,369050005499
/tf,map,base_link,369100005500
/tf,map,base_link,369150005500
/tf,map,base_link,369200005501
/tf,map,base_link,369250005502
/tf,map,base_link,369300005502
/tf,map,base_link,369350005503
/tf,map,base_link,369400005504
/tf,map,base_link,369450005505
/tf,map,base_link,369500005505
/tf,map,base_link,369550005506
/tf,map,base_link,369600005507
/tf,map,base_link,369650005508
/tf,map,base_link,369700005508
/tf,map,base_link,369750005509
/tf,map,base_link,369800005510
/tf,map,base_link,369850005511
/tf,map,base_link,369900005511
/tf,map,base_link,369950005512
/tf,map,base_link,370000005513
/tf,map,base_link,370050005514
/tf,map,base_link,370100005514
/tf,map,base_link,370150005515
/tf,map,base_link,370200005516
/tf,map,base_link,370250005517
/tf,map,base_link,370300005517
/tf,map,base_link,370350005518
/tf,map,base_link,370400005519
/tf,map,base_link,370500005520
/tf,map,base_link,370550005521
/tf,map,base_link,370600005522
/tf,map,base_link,370650005523
/tf,map,base_link,370700005523
/tf,map,base_link,370750005524
/tf,map,base_link,370800005525
/tf,map,base_link,370850005526
/tf,map,base_link,370900005526
/tf,map,base_link,370950005527
/tf,map,base_link,371000005528
/tf,map,base_link,371050005529
/tf,map,base_link,371100005529
/tf,map,base_link,371150005530
/tf,map,base_link,371200005531
/tf,map,base_link,371250005532
/tf,map,base_link,371300005532
/tf,map,base_link,371350005533
/tf,map,base_link,371400005534
/tf,map,base_link,371450005535
/tf,map,base_link,371500005535
/tf,map,base_link,371550005536
/tf,map,base_link,371600005537
/tf,map,base_link,371650005538
/tf,map,base_link,371700005538
/tf,map,base_link,371750005539
/tf,map,base_link,371800005540
/tf,map,base_link,371850005540
/tf,map,base_link,371900005541
/tf,map,base_link,372050005543
/tf,map,base_link,372100005544
/tf,map,base_link,372150005545
/tf,map,base_link,372200005546
/tf,map,base_link,372250005546
/tf,map,base_link,372300005547
/tf,map,base_link,372350005548
/tf,map,base_link,372400005549
/tf,map,base_link,372450005549
/tf,map,base_link,372500005550
/tf,map,base_link,372550005551
/tf,map,base_link,372600005552
/tf,map,base_link,372650005552
/tf,map,base_link,372700005553
/tf,map,base_link,372750005554
/tf,map,base_link,372800005555
/tf,map,base_link,372850005555
/tf,map,base_link,372900005556
/tf,map,base_link,372950005557
/tf,map,base_link,373000005558
/tf,map,base_link,373050005558
/tf,map,base_link,373100005559
/tf,map,base_link,373150005560
/tf,map,base_link,373200005561
/tf,map,base_link,373300005562
/tf,map,base_link,373350005563
/tf,map,base_link,373400005564
/tf,map,base_link,373450005564
/tf,map,base_link,373500005565
/tf,map,base_link,373550005566
/tf,map,base_link,373600005567
/tf,map,base_link,373650005567
/tf,map,base_link,373750005569
/tf,map,base_link,373800005570
/tf,map,base_link,373850005570
/tf,map,base_link,373900005571
/tf,map,base_link,373950005572
/tf,map,base_link,374000005573
/tf,map,base_link,374050005573
/tf,map,base_link,374100005574
/tf,map,base_link,374150005575
/tf,map,base_link,374200005576
/tf,map,base_link,374250005576
/tf,map,base_link,374300005577
/tf,map,base_link,374350005578
/tf,map,base_link,374400005578
/tf,map,base_link,374450005579
/tf,map,base_link,374500005580
/tf,map,base_link,374550005581
/tf,map,base_link,374600005581
/tf,map,base_link,374650005582
/tf,map,base_link,374700005583
/tf,map,base_link,374750005584
/tf,map,base_link,374800005584
/tf,map,base_link,374850005585
/tf,map,base_link,374900005586
/tf,map,base_link,374950005587
/tf,map,base_link,375000005587
/tf,map,base_link,375050005588
/tf,map,base_link,375100005589
/tf,map,base_link,375150005590
/tf,map,base_link,375200005590
/tf,map,base_link,375250005591
/tf,map,base_link,375300005592
/tf,map,base_link,375350005593
/tf,map,base_link,375400005593
/tf,map,base_link,375500005595
/tf,map,base_link,375550005596
/tf,map,base_link,375600005596
/tf,map,base_link,375650005597
/tf,map,base_link,375700005598
/tf,map,base_link,375750005599
/tf,map,base_link,375800005599
/tf,map,base_link,375850005600
/tf,map,base_link,375900005601
/tf,map,base_link,375950005602
/tf,map,base_link,376050005603
/tf,map,base_link,376100005604
/tf,map,base_link,376150005605
/tf,map,base_link,376200005605
/tf,map,base_link,376250005606
/tf,map,base_link,376300005607
/tf,map,base_link,376350005608
/tf,map,base_link,376400005608
/tf,map,base_link,376450005609
/tf,map,base_link,376500005610
/tf,map,base_link,376550005611
/tf,map,base_link,376600005611
/tf,map,base_link,376650005612
/tf,map,base_link,376700005613
/tf,map,base_link,376750005614
/tf,map,base_link,376800005614
/tf,map,base_link,376850005615
/tf,map,base_link,376900005616
/tf,map,base_link,376950005616
/tf,map,base_link,377000005617
/tf,map,base_link,377050005618
/tf,map,base_link,377200005620
/tf,map,base_link,377300005622
/tf,map,base_link,377350005622
/tf,map,base_link,377450005624
/tf,map,base_link,377500005625
/tf,map,base_link,377550005625
/tf,map,base_link,377600005626
/tf,map,base_link,377650005627
/tf,map,base_link,377700005628
/tf,map,base_link,377750005628
/tf,map,base_link,377800005629
/tf,map,base_link,377850005630
/tf,map,base_link,377900005631
/tf,map,base_link,377950005631
/tf,map,base_link,378000005632
/tf,map,base_link,378050005633
/tf,map,base_link,378100005634
/tf,map,base_link,378150005634
/tf,map,base_link,378200005635
/tf,map,base_link,378250005636
/tf,map,base_link,378300005637
/tf,map,base_link,378350005637
/tf,map,base_link,378450005639
/tf,map,base_link,378500005640
/tf,map,base_link,378550005640
/tf,map,base_link,378600005641
/tf,map,base_link,378650005642
/tf,map,base_link,378700005643
/tf,map,base_link,378750005643
/tf,map,base_link,378800005644
/tf,map,base_link,378850005645
/tf,map,base_link,378900005646
/tf,map,base_link,378950005646
/tf,map,base_link,379000005647
/tf,map,base_link,379050005648
/tf,map,base_link,379100005649
/tf,map,base_link,379150005649
/tf,map,base_link,379200005650
/tf,map,base_link,379250005651
/tf,map,base_link,379350005652
/tf,map,base_link,379400005653
/tf,map,base_link,379450005654
/tf,map,base_link,379500005654
/tf,map,base_link,379550005655
/tf,map,base_link,379600005656
/tf,map,base_link,379650005657
/tf,map,base_link,379700005657
/tf,map,base_link,379750005658
/tf,map,base_link,379800005659
/tf,map,base_link,379850005660
/tf,map,base_link,379900005660
/tf,map,base_link,379950005661
/tf,map,base_link,380000005662
/tf,map,base_link,380050005663
/tf,map,base_link,380100005663
/tf,map,base_link,380150005664
/tf,map,base_link,380200005665
/tf,map,base_link,380250005666
/tf,map,base_link,380300005666
/tf,map,base_link,380350005667
/tf,map,base_link,380400005668
/tf,map,base_link,380450005669
/tf,map,base_link,380500005669
/tf,map,base_link,380550005670
/tf,map,base_link,380600005671
/tf,map,base_link,380650005672
/tf,map,base_link,380700005672
/tf,map,base_link,380750005673
/tf,map,base_link,380800005674
/tf,map,base_link,380850005675
/tf,map,base_link,380900005675
/tf,map,base_link,380950005676
/tf,map,base_link,381050005678
/tf,map,base_link,381100005678
/tf,map,base_link,381150005679
/tf,map,base_link,381250005681
/tf,map,base_link,381300005681
/tf,map,base_link,381350005682
/tf,map,base_link,381400005683
/tf,map,base_link,381450005684
/tf,map,base_link,381500005684
/tf,map,base_link,381550005685
/tf,map,base_link,381600005686
/tf,map,base_link,381650005687
/tf,map,base_link,381700005687
/tf,map,base_link,381750005688
/tf,map,base_link,381800005689
/tf,map,base_link,381850005690
/tf,map,base_link,381900005690
/tf,map,base_link,381950005691
/tf,map,base_link,382000005692
/tf,map,base_link,382050005692
/tf,map,base_link,382100005693
/tf,map,base_link,382200005695
/tf,map,base_link,382250005695
/tf,map,base_link,382300005696
/tf,map,base_link,382350005697
/tf,map,base_link,382400005698
/tf,map,base_link,382450005698
/tf,map,base_link,382500005699
/tf,map,base_link,382550005700
/tf,map,base_link,382600005701
/tf,map,base_link,382650005701
/tf,map,base_link,382700005702
/tf,map,base_link,382750005703
/tf,map,base_link,382800005704
/tf,map,base_link,382850005704
/tf,map,base_link,382900005705
/tf,map,base_link,382950005706
/tf,map,base_link,383000005707
/tf,map,base_link,383100005708
/tf,map,base_link,383150005709
/tf,map,base_link,383200005710
/tf,map,base_link,383250005710
/tf,map,base_link,383300005711
/tf,map,base_link,383350005712
/tf,map,base_link,383400005713
/tf,map,base_link,383450005713
/tf,map,base_link,383500005714
/tf,map,base_link,383550005715
/tf,map,base_link,383600005716
/tf,map,base_link,383650005716
/tf,map,base_link,383700005717
/tf,map,base_link,383750005718
/tf,map,base_link,383800005719
/tf,map,base_link,383850005719
/tf,map,base_link,383900005720
/tf,map,base_link,383950005721
/tf,map,base_link,384000005722
/tf,map,base_link,384050005722
/tf,map,base_link,384150005724
/tf,map,base_link,384200005725
/tf,map,base_link,384250005725
/tf,map,base_link,384300005726
/tf,map,base_link,384350005727
/tf,map,base_link,384400005728
/tf,map,base_link,384450005728
/tf,map,base_link,384500005729
/tf,map,base_link,384550005730
/tf,map,base_link,384600005730
/tf,map,base_link,384650005731
/tf,map,base_link,384700005732
/tf,map,base_link,384750005733
/tf,map,base_link,384800005733
/tf,map,base_link,384850005734
/tf,map,base_link,384900005735
/tf,map,base_link,384950005736
/tf,map,base_link,385000005736
/tf,map,base_link,385050005737
/tf,map,base_link,385100005738
/tf,map,base_link,385150005739
/tf,map,base_link,385200005739
/tf,map,base_link,385250005740
/tf,map,base_link,385300005741
/tf,map,base_link,385350005742
/tf,map,base_link,385400005742
/tf,map,base_link,385500005744
/tf,map,base_link,385550005745
/tf,map,base_link,385600005745
/tf,map,base_link,385650005746
/tf,map,base_link,385700005747
/tf,map,base_link,385750005748
/tf,map,base_link,385800005748
/tf,map,base_link,385850005749
/tf,map,base_link,385900005750
/tf,map,base_link,385950005751
/tf,map,base_link,386000005751
/tf,map,base_link,386050005752
/tf,map,base_link,386150005754
/tf,map,base_link,386200005754
/tf,map,base_link,386250005755
/tf,map,base_link,386300005756
/tf,map,base_link,386350005757
/tf,map,base_link,386400005757
/tf,map,base_link,386450005758
/tf,map,base_link,386500005759
/tf,map,base_link,386550005760
/tf,map,base_link,386600005760
/tf,map,base_link,386650005761
/tf,map,base_link,386700005762
/tf,map,base_link,386750005763
/tf,map,base_link,386800005763
/tf,map,base_link,386850005764
