arrival_system_ns,sim_ns,x_m,y_m,z_m,yaw_rad
1785533553810148402,30787129535,53.9088,-141.1184,-0.0019,-0.003193
1785533553861166881,30837129536,53.9088,-141.1184,-0.0019,-0.003187
1785533553910038300,30887129536,53.9087,-141.1183,-0.0019,-0.003181
1785533553961337477,30937129537,53.9087,-141.1182,-0.0019,-0.003175
1785533554010079964,30987129538,53.9087,-141.1181,-0.0019,-0.003169
1785533554059898322,31037129539,53.9087,-141.1180,-0.0019,-0.003163
1785533554110208070,31087129539,53.9086,-141.1180,-0.0019,-0.003157
1785533554160286065,31137129540,53.9086,-141.1179,-0.0019,-0.003151
1785533554210015328,31187129541,53.9086,-141.1178,-0.0019,-0.003145
1785533554260355691,31237129542,53.9085,-141.1177,-0.0019,-0.003139
1785533554315654062,31287129542,53.9085,-141.1176,-0.0019,-0.003133
1785533554361483705,31337129543,53.9085,-141.1176,-0.0019,-0.003127
1785533554417511737,31387129544,53.9085,-141.1175,-0.0019,-0.003121
1785533554462623232,31437129544,53.9084,-141.1174,-0.0019,-0.003115
1785533554511284648,31487129545,53.9084,-141.1173,-0.0019,-0.003109
1785533554560025166,31537129546,53.9084,-141.1173,-0.0019,-0.003103
1785533554609907759,31587129547,53.9084,-141.1172,-0.0019,-0.003097
1785533554660080954,31637129547,53.9083,-141.1171,-0.0019,-0.003091
1785533554711076556,31687129548,53.9083,-141.1170,-0.0019,-0.003085
1785533554761452459,31737129549,53.9083,-141.1169,-0.0019,-0.003079
1785533554817425798,31787129550,53.9083,-141.1169,-0.0019,-0.003073
1785533554865589280,31837129550,53.9082,-141.1168,-0.0019,-0.003067
1785533554910375449,31887129551,53.9082,-141.1167,-0.0019,-0.003061
1785533554960660530,31937129552,53.9082,-141.1166,-0.0019,-0.003055
1785533555011839139,31987129553,53.9082,-141.1166,-0.0019,-0.003049
1785533555062793986,32037129553,53.9081,-141.1165,-0.0019,-0.003043
1785533555115487915,32087129554,53.9081,-141.1164,-0.0019,-0.003037
1785533555164192797,32137129555,53.9081,-141.1163,-0.0019,-0.003031
1785533555210568791,32187129556,53.9080,-141.1162,-0.0019,-0.003025
1785533555261407254,32237129556,53.9080,-141.1162,-0.0019,-0.003019
1785533555310295704,32287129557,53.9080,-141.1161,-0.0019,-0.003013
1785533555360456391,32337129558,53.9080,-141.1160,-0.0019,-0.003007
1785533555411154887,32387129559,53.9079,-141.1159,-0.0019,-0.003001
1785533555460784449,32437129559,53.9079,-141.1159,-0.0019,-0.002995
1785533555510729644,32487129560,53.9079,-141.1158,-0.0019,-0.002989
1785533555561688136,32537129561,53.9079,-141.1157,-0.0019,-0.002983
1785533555610481801,32587129562,53.9078,-141.1156,-0.0019,-0.002977
1785533555661403611,32637129562,53.9078,-141.1155,-0.0019,-0.002971
1785533555710856782,32687129563,53.9078,-141.1155,-0.0019,-0.002965
1785533555762680092,32737129564,53.9078,-141.1154,-0.0019,-0.002959
1785533555811067448,32787129565,53.9077,-141.1153,-0.0019,-0.002953
1785533555861067386,32837129565,53.9077,-141.1152,-0.0019,-0.002947
1785533555910853577,32887129566,53.9077,-141.1151,-0.0019,-0.002941
1785533555960745377,32937129567,53.9077,-141.1151,-0.0019,-0.002935
1785533556010154614,32987129568,53.9076,-141.1150,-0.0020,-0.002929
1785533556059667548,33037129568,53.9076,-141.1149,-0.0020,-0.002923
1785533556110395095,33087129569,53.9076,-141.1148,-0.0020,-0.002917
1785533556160493660,33137129570,53.9076,-141.1148,-0.0020,-0.002911
1785533556209614365,33187129571,53.9075,-141.1147,-0.0020,-0.002905
1785533556259252670,33237129571,53.9075,-141.1146,-0.0020,-0.002899
1785533556309781719,33287129572,53.9075,-141.1145,-0.0020,-0.002893
1785533556360039691,33337129573,53.9074,-141.1144,-0.0020,-0.002887
1785533556409864264,33387129574,53.9074,-141.1144,-0.0020,-0.002881
1785533556459731051,33437129574,53.9074,-141.1143,-0.0020,-0.002875
1785533556510212171,33487129575,53.9074,-141.1142,-0.0020,-0.002869
1785533556561432622,33537129576,53.9073,-141.1141,-0.0020,-0.002863
1785533556610197662,33587129577,53.9073,-141.1141,-0.0020,-0.002857
1785533556659970344,33637129577,53.9073,-141.1140,-0.0020,-0.002851
1785533556709678661,33687129578,53.9073,-141.1139,-0.0020,-0.002845
1785533556760722069,33737129579,53.9072,-141.1138,-0.0020,-0.002839
1785533556809881171,33787129580,53.9072,-141.1137,-0.0020,-0.002833
1785533556859691849,33837129580,53.9072,-141.1137,-0.0020,-0.002827
1785533556909718086,33887129581,53.9072,-141.1136,-0.0020,-0.002821
1785533556959479823,33937129582,53.9071,-141.1135,-0.0020,-0.002815
1785533557009627288,33987129582,53.9071,-141.1134,-0.0020,-0.002809
1785533557059949078,34037129583,53.9071,-141.1133,-0.0020,-0.002803
1785533557110369264,34087129584,53.9071,-141.1133,-0.0020,-0.002797
1785533557159620833,34137129585,53.9070,-141.1132,-0.0020,-0.002791
1785533557210160152,34187129585,53.9070,-141.1131,-0.0020,-0.002785
1785533557259730943,34237129586,53.9070,-141.1130,-0.0020,-0.002779
1785533557309441891,34287129587,53.9070,-141.1129,-0.0020,-0.002773
1785533557359406502,34337129588,53.9069,-141.1129,-0.0020,-0.002767
1785533557410594842,34387129588,53.9069,-141.1128,-0.0020,-0.002761
1785533557460374000,34437129589,53.9069,-141.1127,-0.0020,-0.002755
1785533557509295029,34487129590,53.9068,-141.1126,-0.0020,-0.002749
1785533557560530661,34537129591,53.9068,-141.1126,-0.0020,-0.002743
1785533557609843313,34587129591,53.9068,-141.1125,-0.0020,-0.002737
1785533557659977014,34637129592,53.9068,-141.1124,-0.0020,-0.002731
1785533557709410699,34687129593,53.9067,-141.1123,-0.0020,-0.002725
1785533557760816966,34737129594,53.9067,-141.1122,-0.0020,-0.002719
1785533557810018718,34787129594,53.9067,-141.1122,-0.0020,-0.002713
1785533557860875173,34837129595,53.9067,-141.1121,-0.0020,-0.002707
1785533557909408775,34887129596,53.9066,-141.1120,-0.0020,-0.002701
1785533557959925790,34937129597,53.9066,-141.1119,-0.0020,-0.002695
1785533558011104844,34987129597,53.9066,-141.1119,-0.0020,-0.002689
1785533558062155964,35037129598,53.9066,-141.1118,-0.0020,-0.002683
1785533558112192352,35087129599,53.9065,-141.1117,-0.0020,-0.002677
1785533558163045277,35137129600,53.9065,-141.1116,-0.0020,-0.002671
1785533558210220906,35187129600,53.9065,-141.1115,-0.0020,-0.002665
1785533558260246265,35237129601,53.9065,-141.1115,-0.0020,-0.002659
1785533558311549203,35287129602,53.9064,-141.1114,-0.0020,-0.002653
1785533558361694916,35337129603,53.9064,-141.1113,-0.0020,-0.002647
1785533558410965712,35387129603,53.9064,-141.1112,-0.0020,-0.002641
1785533558461867706,35437129604,53.9064,-141.1112,-0.0020,-0.002635
1785533558518251842,35487129605,53.9063,-141.1111,-0.0020,-0.002628
1785533558560328431,35537129606,53.9063,-141.1110,-0.0020,-0.002622
1785533558610770064,35587129606,53.9063,-141.1109,-0.0020,-0.002616
1785533558660739145,35637129607,53.9062,-141.1108,-0.0020,-0.002610
1785533558711059984,35687129608,53.9062,-141.1108,-0.0020,-0.002604
1785533558761852078,35737129609,53.9062,-141.1107,-0.0020,-0.002598
1785533558812386496,35787129609,53.9062,-141.1106,-0.0020,-0.002592
1785533558860794038,35837129610,53.9061,-141.1105,-0.0020,-0.002586
1785533558910734842,35887129611,53.9061,-141.1104,-0.0020,-0.002580
1785533558961514717,35937129612,53.9061,-141.1104,-0.0020,-0.002574
1785533559010747227,35987129612,53.9061,-141.1103,-0.0020,-0.002568
1785533559062586178,36037129613,53.9060,-141.1102,-0.0020,-0.002562
1785533559111584073,36087129614,53.9060,-141.1101,-0.0020,-0.002556
1785533559162952465,36137129615,53.9060,-141.1101,-0.0020,-0.002550
1785533559211690357,36187129615,53.9060,-141.1100,-0.0020,-0.002544
1785533559267231967,36237129616,53.9059,-141.1099,-0.0020,-0.002538
1785533559310788077,36287129617,53.9059,-141.1098,-0.0020,-0.002532
1785533559360660010,36337129618,53.9059,-141.1097,-0.0020,-0.002526
1785533559412365487,36387129618,53.9059,-141.1097,-0.0020,-0.002520
1785533559462340072,36437129619,53.9058,-141.1096,-0.0020,-0.002514
1785533559511034096,36487129620,53.9058,-141.1095,-0.0020,-0.002508
1785533559563876254,36537129620,53.9058,-141.1094,-0.0020,-0.002502
1785533559613888340,36587129621,53.9058,-141.1094,-0.0021,-0.002496
1785533559660412039,36637129622,53.9057,-141.1093,-0.0021,-0.002490
1785533559713640224,36687129623,53.9057,-141.1092,-0.0021,-0.002484
1785533559762427053,36737129623,53.9057,-141.1091,-0.0021,-0.002478
1785533559814990533,36787129624,53.9056,-141.1090,-0.0021,-0.002472
1785533559860559958,36837129625,53.9056,-141.1090,-0.0021,-0.002466
1785533559911038661,36887129626,53.9056,-141.1089,-0.0021,-0.002460
1785533559960690294,36937129626,53.9056,-141.1088,-0.0021,-0.002454
1785533560011452689,36987129627,53.9055,-141.1087,-0.0021,-0.002448
1785533560060857909,37037129628,53.9055,-141.1086,-0.0021,-0.002442
1785533560111319397,37087129629,53.9055,-141.1086,-0.0021,-0.002436
1785533560164133052,37137129629,53.9055,-141.1085,-0.0021,-0.002430
1785533560211386642,37187129630,53.9054,-141.1084,-0.0021,-0.002424
1785533560261125930,37237129631,53.9054,-141.1083,-0.0021,-0.002418
1785533560311361495,37287129632,53.9054,-141.1082,-0.0021,-0.002412
1785533560373813343,37337129632,53.9054,-141.1082,-0.0021,-0.002406
1785533560411365218,37387129633,53.9053,-141.1081,-0.0021,-0.002400
1785533560460823380,37437129634,53.9053,-141.1080,-0.0021,-0.002394
1785533560510263810,37487129635,53.9053,-141.1079,-0.0021,-0.002388
1785533560559983382,37537129635,53.9053,-141.1079,-0.0021,-0.002382
1785533560610328227,37587129636,53.9052,-141.1078,-0.0021,-0.002376
1785533560660414524,37637129637,53.9052,-141.1077,-0.0021,-0.002370
1785533560713681028,37687129638,53.9052,-141.1076,-0.0021,-0.002364
1785533560761337114,37737129638,53.9051,-141.1075,-0.0021,-0.002358
1785533560817170446,37787129639,53.9051,-141.1075,-0.0021,-0.002352
1785533560860358503,37837129640,53.9051,-141.1074,-0.0021,-0.002346
1785533560913548948,37887129641,53.9051,-141.1073,-0.0021,-0.002340
1785533560960270608,37937129641,53.9050,-141.1072,-0.0021,-0.002334
1785533561010329189,37987129642,53.9050,-141.1072,-0.0021,-0.002327
1785533561060359833,38037129643,53.9050,-141.1071,-0.0021,-0.002321
1785533561110299322,38087129644,53.9050,-141.1070,-0.0021,-0.002315
1785533561160180468,38137129644,53.9049,-141.1069,-0.0021,-0.002309
1785533561209574170,38187129645,53.9049,-141.1068,-0.0021,-0.002303
1785533561261328633,38237129646,53.9049,-141.1068,-0.0021,-0.002297
1785533561309875003,38287129647,53.9049,-141.1067,-0.0021,-0.002291
1785533561360075722,38337129647,53.9048,-141.1066,-0.0021,-0.002285
1785533561409756286,38387129648,53.9048,-141.1065,-0.0021,-0.002279
1785533561459771781,38437129649,53.9048,-141.1064,-0.0021,-0.002273
1785533561510714854,38487129650,53.9048,-141.1064,-0.0021,-0.002267
1785533561559972617,38537129650,53.9047,-141.1063,-0.0021,-0.002261
1785533561609920747,38587129651,53.9047,-141.1062,-0.0021,-0.002255
1785533561659840075,38637129652,53.9047,-141.1061,-0.0021,-0.002249
1785533561709517674,38687129653,53.9047,-141.1061,-0.0021,-0.002243
1785533561764002328,38737129653,53.9046,-141.1060,-0.0021,-0.002237
1785533561810766169,38787129654,53.9046,-141.1059,-0.0021,-0.002231
1785533561860675089,38837129655,53.9046,-141.1058,-0.0021,-0.002225
1785533561909398109,38887129656,53.9045,-141.1057,-0.0021,-0.002219
1785533561960443385,38937129656,53.9045,-141.1057,-0.0021,-0.002213
1785533562010319172,38987129657,53.9045,-141.1056,-0.0021,-0.002207
1785533562060420094,39037129658,53.9045,-141.1055,-0.0021,-0.002201
1785533562111614030,39087129658,53.9044,-141.1054,-0.0021,-0.002195
1785533562160075501,39137129659,53.9044,-141.1054,-0.0021,-0.002189
1785533562211645915,39187129660,53.9044,-141.1053,-0.0021,-0.002183
1785533562260326006,39237129661,53.9044,-141.1052,-0.0021,-0.002177
1785533562311419991,39287129661,53.9043,-141.1051,-0.0021,-0.002171
1785533562363336303,39337129662,53.9043,-141.1050,-0.0021,-0.002165
1785533562411501949,39387129663,53.9043,-141.1050,-0.0021,-0.002159
1785533562464341797,39437129664,53.9043,-141.1049,-0.0021,-0.002153
1785533562512769541,39487129664,53.9042,-141.1048,-0.0021,-0.002147
1785533562560814048,39537129665,53.9042,-141.1047,-0.0021,-0.002141
1785533562610214694,39587129666,53.9042,-141.1047,-0.0021,-0.002135
1785533562663514249,39637129667,53.9042,-141.1046,-0.0021,-0.002129
1785533562710267089,39687129667,53.9041,-141.1045,-0.0021,-0.002123
1785533562762804448,39737129668,53.9041,-141.1044,-0.0021,-0.002117
1785533562813773355,39787129669,53.9041,-141.1043,-0.0021,-0.002111
1785533562860961227,39837129670,53.9040,-141.1043,-0.0021,-0.002105
1785533562909951019,39887129670,53.9040,-141.1042,-0.0021,-0.002098
1785533562960455417,39937129671,53.9040,-141.1041,-0.0021,-0.002092
1785533563009651952,39987129672,53.9040,-141.1040,-0.0021,-0.002086
1785533563061878069,40037129673,53.9039,-141.1040,-0.0021,-0.002080
1785533563109746128,40087129673,53.9039,-141.1039,-0.0021,-0.002074
1785533563160116684,40137129674,53.9039,-141.1038,-0.0021,-0.002068
1785533563209624308,40187129675,53.9039,-141.1037,-0.0021,-0.002062
1785533563260997702,40237129676,53.9038,-141.1036,-0.0022,-0.002056
1785533563309460657,40287129676,53.9038,-141.1036,-0.0022,-0.002050
1785533563362421007,40337129677,53.9038,-141.1035,-0.0022,-0.002044
1785533563409796269,40387129678,53.9038,-141.1034,-0.0022,-0.002038
1785533563459835063,40437129679,53.9037,-141.1033,-0.0022,-0.002032
1785533563510042689,40487129679,53.9037,-141.1032,-0.0022,-0.002026
1785533563560504853,40537129680,53.9037,-141.1032,-0.0022,-0.002020
1785533563609631162,40587129681,53.9037,-141.1031,-0.0022,-0.002014
1785533563660698201,40637129682,53.9036,-141.1030,-0.0022,-0.002008
1785533563711585390,40687129682,53.9036,-141.1029,-0.0022,-0.002002
1785533563760036068,40737129683,53.9036,-141.1028,-0.0022,-0.001996
1785533563810260950,40787129684,53.9036,-141.1028,-0.0022,-0.001990
1785533563860574474,40837129685,53.9035,-141.1027,-0.0022,-0.001984
1785533563909850863,40887129685,53.9035,-141.1026,-0.0022,-0.001978
1785533563960652699,40937129686,53.9035,-141.1025,-0.0022,-0.001972
1785533564010188397,40987129687,53.9034,-141.1025,-0.0022,-0.001966
1785533564061123453,41037129688,53.9034,-141.1024,-0.0022,-0.001960
1785533564110894485,41087129688,53.9034,-141.1023,-0.0022,-0.001954
1785533564162217354,41137129689,53.9034,-141.1022,-0.0022,-0.001948
1785533564210603291,41187129690,53.9033,-141.1021,-0.0022,-0.001942
1785533564260694353,41237129691,53.9033,-141.1021,-0.0022,-0.001936
1785533564310475365,41287129691,53.9033,-141.1020,-0.0022,-0.001930
1785533564360539140,41337129692,53.9033,-141.1019,-0.0022,-0.001924
1785533564412502135,41387129693,53.9032,-141.1018,-0.0022,-0.001918
1785533564461033024,41437129694,53.9032,-141.1017,-0.0022,-0.001911
1785533564510075708,41487129694,53.9032,-141.1017,-0.0022,-0.001905
1785533564560862282,41537129695,53.9032,-141.1016,-0.0022,-0.001899
1785533564610536468,41587129696,53.9031,-141.1015,-0.0022,-0.001893
1785533564660159286,41637129696,53.9031,-141.1014,-0.0022,-0.001887
1785533564711673373,41687129697,53.9031,-141.1014,-0.0022,-0.001881
1785533564762383888,41737129698,53.9031,-141.1013,-0.0022,-0.001875
1785533564811141562,41787129699,53.9030,-141.1012,-0.0022,-0.001869
1785533564861253942,41837129699,53.9030,-141.1011,-0.0022,-0.001863
1785533564910526694,41887129700,53.9030,-141.1010,-0.0022,-0.001857
1785533564960455142,41937129701,53.9029,-141.1010,-0.0022,-0.001851
1785533565010282314,41987129702,53.9029,-141.1009,-0.0022,-0.001845
1785533565060537551,42037129702,53.9029,-141.1008,-0.0022,-0.001839
1785533565110912779,42087129703,53.9029,-141.1007,-0.0022,-0.001833
1785533565160821600,42137129704,53.9028,-141.1007,-0.0022,-0.001827
1785533565210516141,42187129705,53.9028,-141.1006,-0.0022,-0.001821
1785533565264313365,42237129705,53.9028,-141.1005,-0.0022,-0.001815
1785533565310517970,42287129706,53.9028,-141.1004,-0.0022,-0.001809
1785533565360257627,42337129707,53.9027,-141.1003,-0.0022,-0.001803
1785533565410905604,42387129708,53.9027,-141.1003,-0.0022,-0.001797
1785533565460211514,42437129708,53.9027,-141.1002,-0.0022,-0.001791
1785533565511253093,42487129709,53.9027,-141.1001,-0.0022,-0.001785
1785533565560383045,42537129710,53.9026,-141.1000,-0.0022,-0.001779
1785533565610660533,42587129711,53.9026,-141.1000,-0.0022,-0.001773
1785533565661242893,42637129711,53.9026,-141.0999,-0.0022,-0.001767
1785533565712375848,42687129712,53.9026,-141.0998,-0.0022,-0.001761
1785533565761037660,42737129713,53.9025,-141.0997,-0.0022,-0.001755
1785533565811271381,42787129714,53.9025,-141.0996,-0.0022,-0.001749
1785533565861946833,42837129714,53.9025,-141.0996,-0.0022,-0.001742
1785533565910483684,42887129715,53.9025,-141.0995,-0.0022,-0.001736
1785533565961873050,42937129716,53.9024,-141.0994,-0.0022,-0.001730
1785533566010107167,42987129717,53.9024,-141.0993,-0.0022,-0.001724
1785533566062338134,43037129717,53.9024,-141.0992,-0.0022,-0.001718
1785533566113098736,43087129718,53.9023,-141.0992,-0.0022,-0.001712
1785533566160792130,43137129719,53.9023,-141.0991,-0.0022,-0.001706
1785533566210315442,43187129720,53.9023,-141.0990,-0.0022,-0.001700
1785533566260535501,43237129720,53.9023,-141.0989,-0.0022,-0.001694
1785533566310927276,43287129721,53.9022,-141.0989,-0.0022,-0.001688
1785533566360204074,43337129722,53.9022,-141.0988,-0.0022,-0.001682
1785533566410180286,43387129723,53.9022,-141.0987,-0.0022,-0.001676
1785533566460287326,43437129723,53.9022,-141.0986,-0.0022,-0.001670
1785533566509941242,43487129724,53.9021,-141.0985,-0.0022,-0.001664
1785533566560044467,43537129725,53.9021,-141.0985,-0.0022,-0.001658
1785533566610483606,43587129726,53.9021,-141.0984,-0.0022,-0.001652
1785533566660807553,43637129726,53.9021,-141.0983,-0.0022,-0.001646
1785533566712475586,43687129727,53.9020,-141.0982,-0.0022,-0.001640
1785533566761215381,43737129728,53.9020,-141.0982,-0.0022,-0.001634
1785533566810658124,43787129729,53.9020,-141.0981,-0.0022,-0.001628
1785533566863602068,43837129729,53.9020,-141.0980,-0.0022,-0.001622
1785533566913581375,43887129730,53.9019,-141.0979,-0.0023,-0.001616
1785533566961072102,43937129731,53.9019,-141.0978,-0.0023,-0.001610
1785533567010465691,43987129732,53.9019,-141.0978,-0.0023,-0.001604
1785533567061958579,44037129732,53.9018,-141.0977,-0.0023,-0.001598
1785533567110206672,44087129733,53.9018,-141.0976,-0.0023,-0.001592
1785533567160293053,44137129734,53.9018,-141.0975,-0.0023,-0.001586
1785533567210892238,44187129734,53.9018,-141.0974,-0.0023,-0.001580
1785533567260960782,44237129735,53.9017,-141.0974,-0.0023,-0.001573
1785533567310666733,44287129736,53.9017,-141.0973,-0.0023,-0.001567
1785533567359992200,44337129737,53.9017,-141.0972,-0.0023,-0.001561
1785533567410260502,44387129737,53.9017,-141.0971,-0.0023,-0.001555
1785533567460554958,44437129738,53.9016,-141.0970,-0.0023,-0.001549
1785533567511404805,44487129739,53.9016,-141.0970,-0.0023,-0.001543
1785533567560754540,44537129740,53.9016,-141.0969,-0.0023,-0.001537
1785533567610265231,44587129740,53.9016,-141.0968,-0.0023,-0.001531
1785533567660702678,44637129741,53.9015,-141.0967,-0.0023,-0.001525
1785533567711329525,44687129742,53.9015,-141.0967,-0.0023,-0.001519
1785533567761899924,44737129743,53.9015,-141.0966,-0.0023,-0.001513
1785533567810650406,44787129743,53.9015,-141.0965,-0.0023,-0.001507
1785533567860859595,44837129744,53.9014,-141.0964,-0.0023,-0.001501
1785533567911347385,44887129745,53.9014,-141.0963,-0.0023,-0.001495
1785533567961190813,44937129746,53.9014,-141.0963,-0.0023,-0.001489
1785533568010519510,44987129746,53.9014,-141.0962,-0.0023,-0.001483
1785533568060397055,45037129747,53.9013,-141.0961,-0.0023,-0.001477
1785533568111413651,45087129748,53.9013,-141.0960,-0.0023,-0.001471
1785533568161060026,45137129749,53.9013,-141.0960,-0.0023,-0.001465
1785533568210042237,45187129749,53.9012,-141.0959,-0.0023,-0.001459
1785533568260756964,45237129750,53.9012,-141.0958,-0.0023,-0.001453
1785533568310250891,45287129751,53.9012,-141.0957,-0.0023,-0.001447
1785533568361364988,45337129752,53.9012,-141.0956,-0.0023,-0.001441
1785533568410035906,45387129752,53.9011,-141.0956,-0.0023,-0.001435
1785533568464183746,45437129753,53.9011,-141.0955,-0.0023,-0.001429
1785533568511292004,45487129754,53.9011,-141.0954,-0.0023,-0.001423
1785533568561871230,45537129755,53.9011,-141.0953,-0.0023,-0.001417
1785533568612449434,45587129755,53.9010,-141.0952,-0.0023,-0.001411
1785533568660736445,45637129756,53.9010,-141.0952,-0.0023,-0.001405
1785533568711604254,45687129757,53.9010,-141.0951,-0.0023,-0.001398
1785533568761970735,45737129758,53.9010,-141.0950,-0.0023,-0.001392
1785533568813181212,45787129758,53.9009,-141.0949,-0.0023,-0.001386
1785533568864216542,45837129759,53.9009,-141.0949,-0.0023,-0.001380
1785533568910905953,45887129760,53.9009,-141.0948,-0.0023,-0.001374
1785533568962998213,45937129761,53.9009,-141.0947,-0.0023,-0.001368
1785533569009901390,45987129761,53.9008,-141.0946,-0.0023,-0.001362
1785533569061606282,46037129762,53.9008,-141.0945,-0.0023,-0.001356
1785533569110258124,46087129763,53.9008,-141.0945,-0.0023,-0.001350
1785533569162691565,46137129764,53.9008,-141.0944,-0.0023,-0.001344
1785533569210339746,46187129764,53.9007,-141.0943,-0.0023,-0.001338
1785533569260136679,46237129765,53.9007,-141.0942,-0.0023,-0.001332
1785533569313615117,46287129766,53.9007,-141.0942,-0.0023,-0.001326
1785533569365401768,46337129767,53.9006,-141.0941,-0.0023,-0.001320
1785533569410827029,46387129767,53.9006,-141.0940,-0.0023,-0.001314
1785533569460241978,46437129768,53.9006,-141.0939,-0.0023,-0.001308
1785533569509862507,46487129769,53.9006,-141.0938,-0.0023,-0.001302
1785533569560347487,46537129770,53.9005,-141.0938,-0.0023,-0.001296
1785533569610973901,46587129770,53.9005,-141.0937,-0.0023,-0.001290
1785533569660616256,46637129771,53.9005,-141.0936,-0.0023,-0.001284
1785533569710097790,46687129772,53.9005,-141.0935,-0.0023,-0.001278
1785533569761336646,46737129772,53.9004,-141.0935,-0.0023,-0.001272
1785533569813391794,46787129773,53.9004,-141.0934,-0.0023,-0.001266
1785533569861919895,46837129774,53.9004,-141.0933,-0.0023,-0.001260
1785533569910044795,46887129775,53.9004,-141.0932,-0.0023,-0.001254
1785533569960887826,46937129775,53.9003,-141.0931,-0.0023,-0.001248
1785533570010285972,46987129776,53.9003,-141.0931,-0.0023,-0.001242
1785533570060586151,47037129777,53.9003,-141.0930,-0.0023,-0.001235
1785533570112059875,47087129778,53.9003,-141.0929,-0.0023,-0.001229
1785533570160950296,47137129778,53.9002,-141.0928,-0.0023,-0.001223
1785533570210625486,47187129779,53.9002,-141.0927,-0.0023,-0.001217
1785533570261341190,47237129780,53.9002,-141.0927,-0.0024,-0.001211
1785533570313864195,47287129781,53.9001,-141.0926,-0.0024,-0.001205
1785533570360669508,47337129781,53.9001,-141.0925,-0.0024,-0.001199
1785533570410389262,47387129782,53.9001,-141.0924,-0.0024,-0.001193
1785533570462811021,47437129783,53.9001,-141.0924,-0.0024,-0.001187
1785533570510933636,47487129784,53.9000,-141.0923,-0.0024,-0.001181
1785533570562145690,47537129784,53.9000,-141.0922,-0.0024,-0.001175
1785533570611073173,47587129785,53.9000,-141.0921,-0.0024,-0.001169
1785533570659829508,47637129786,53.9000,-141.0920,-0.0024,-0.001163
1785533570711961699,47687129787,53.8999,-141.0920,-0.0024,-0.001157
1785533570760900925,47737129787,53.8999,-141.0919,-0.0024,-0.001151
1785533570810813465,47787129788,53.8999,-141.0918,-0.0024,-0.001145
1785533570860008547,47837129789,53.8999,-141.0917,-0.0024,-0.001139
1785533570909426302,47887129790,53.8998,-141.0916,-0.0024,-0.001133
1785533570960559142,47937129790,53.8998,-141.0916,-0.0024,-0.001127
1785533571010309686,47987129791,53.8998,-141.0915,-0.0024,-0.001121
1785533571064182131,48037129792,53.8998,-141.0914,-0.0024,-0.001115
1785533571110816349,48087129793,53.8997,-141.0913,-0.0024,-0.001109
1785533571161407298,48137129793,53.8997,-141.0912,-0.0024,-0.001103
1785533571212205506,48187129794,53.8997,-141.0912,-0.0024,-0.001097
1785533571260293447,48237129795,53.8997,-141.0911,-0.0024,-0.001090
1785533571311393562,48287129796,53.8996,-141.0910,-0.0024,-0.001084
1785533571360311274,48337129796,53.8996,-141.0909,-0.0024,-0.001078
1785533571413871028,48387129797,53.8996,-141.0909,-0.0024,-0.001072
1785533571460893239,48437129798,53.8995,-141.0908,-0.0024,-0.001066
1785533571510236120,48487129799,53.8995,-141.0907,-0.0024,-0.001060
1785533571561762197,48537129799,53.8995,-141.0906,-0.0024,-0.001054
1785533571610322760,48587129800,53.8995,-141.0905,-0.0024,-0.001048
1785533571660507065,48637129801,53.8994,-141.0905,-0.0024,-0.001042
1785533571712207991,48687129802,53.8994,-141.0904,-0.0024,-0.001036
1785533571760410936,48737129802,53.8994,-141.0903,-0.0024,-0.001030
1785533571810634319,48787129803,53.8994,-141.0902,-0.0024,-0.001024
1785533571862059762,48837129804,53.8993,-141.0902,-0.0024,-0.001018
1785533571910262479,48887129805,53.8993,-141.0901,-0.0024,-0.001012
1785533571960212665,48937129805,53.8993,-141.0900,-0.0024,-0.001006
1785533572014025283,48987129806,53.8993,-141.0899,-0.0024,-0.001000
1785533572060142472,49037129807,53.8992,-141.0898,-0.0024,-0.000994
1785533572110094260,49087129807,53.8992,-141.0898,-0.0024,-0.000988
1785533572161963978,49137129808,53.8992,-141.0897,-0.0024,-0.000982
1785533572211806257,49187129809,53.8992,-141.0896,-0.0024,-0.000976
1785533572260506641,49237129810,53.8991,-141.0895,-0.0024,-0.000970
1785533572310791257,49287129810,53.8991,-141.0894,-0.0024,-0.000964
1785533572360332837,49337129811,53.8991,-141.0894,-0.0024,-0.000957
1785533572411115658,49387129812,53.8990,-141.0893,-0.0024,-0.000951
1785533572460631719,49437129813,53.8990,-141.0892,-0.0024,-0.000945
1785533572510498425,49487129813,53.8990,-141.0891,-0.0024,-0.000939
1785533572559852178,49537129814,53.8990,-141.0891,-0.0024,-0.000933
1785533572610003519,49587129815,53.8989,-141.0890,-0.0024,-0.000927
1785533572663808715,49637129816,53.8989,-141.0889,-0.0024,-0.000921
1785533572710522690,49687129816,53.8989,-141.0888,-0.0024,-0.000915
1785533572762024021,49737129817,53.8989,-141.0887,-0.0024,-0.000909
1785533572813169567,49787129818,53.8988,-141.0887,-0.0024,-0.000903
1785533572860404565,49837129819,53.8988,-141.0886,-0.0024,-0.000897
1785533572913397826,49887129819,53.8988,-141.0885,-0.0024,-0.000891
1785533572960522752,49937129820,53.8988,-141.0884,-0.0024,-0.000885
1785533573010031174,49987129821,53.8987,-141.0884,-0.0024,-0.000879
1785533573059999395,50037129822,53.8987,-141.0883,-0.0024,-0.000873
1785533573110913092,50087129822,53.8987,-141.0882,-0.0024,-0.000867
1785533573160774350,50137129823,53.8987,-141.0881,-0.0024,-0.000861
1785533573211229751,50187129824,53.8986,-141.0880,-0.0024,-0.000855
1785533573261104815,50237129825,53.8986,-141.0880,-0.0024,-0.000849
1785533573312253838,50287129825,53.8986,-141.0879,-0.0024,-0.000843
1785533573360419063,50337129826,53.8986,-141.0878,-0.0024,-0.000836
1785533573411848827,50387129827,53.8985,-141.0877,-0.0024,-0.000830
1785533573461342934,50437129828,53.8985,-141.0877,-0.0024,-0.000824
1785533573510237365,50487129828,53.8985,-141.0876,-0.0024,-0.000818
1785533573560437330,50537129829,53.8984,-141.0875,-0.0024,-0.000812
1785533573612635123,50587129830,53.8984,-141.0874,-0.0025,-0.000806
1785533573660441832,50637129831,53.8984,-141.0873,-0.0025,-0.000800
1785533573710133932,50687129831,53.8984,-141.0873,-0.0025,-0.000794
1785533573760425721,50737129832,53.8983,-141.0872,-0.0025,-0.000788
1785533573812052246,50787129833,53.8983,-141.0871,-0.0025,-0.000782
1785533573863878198,50837129834,53.8983,-141.0870,-0.0025,-0.000776
1785533573913402719,50887129834,53.8983,-141.0869,-0.0025,-0.000770
1785533573961021808,50937129835,53.8982,-141.0869,-0.0025,-0.000764
1785533574010185592,50987129836,53.8982,-141.0868,-0.0025,-0.000758
1785533574060677704,51037129837,53.8982,-141.0867,-0.0025,-0.000752
1785533574111078699,51087129837,53.8982,-141.0866,-0.0025,-0.000746
1785533574160487484,51137129838,53.8981,-141.0866,-0.0025,-0.000740
1785533574211592918,51187129839,53.8981,-141.0865,-0.0025,-0.000734
1785533574260385053,51237129840,53.8981,-141.0864,-0.0025,-0.000728
1785533574325350341,51287129840,53.8981,-141.0863,-0.0025,-0.000721
1785533574360237186,51337129841,53.8980,-141.0862,-0.0025,-0.000715
1785533574410725865,51387129842,53.8980,-141.0862,-0.0025,-0.000709
1785533574460795198,51437129843,53.8980,-141.0861,-0.0025,-0.000707
1785533574510962014,51487129843,53.8979,-141.0860,-0.0025,-0.000707
1785533574561694583,51537129844,53.8979,-141.0859,-0.0025,-0.000707
1785533574610975227,51587129845,53.8979,-141.0858,-0.0025,-0.000706
1785533574661387169,51637129845,53.8979,-141.0857,-0.0025,-0.000706
1785533574710627522,51687129846,53.8978,-141.0856,-0.0025,-0.000706
1785533574760646507,51737129847,53.8978,-141.0855,-0.0025,-0.000706
1785533574810354985,51787129848,53.8978,-141.0854,-0.0025,-0.000706
1785533574862271362,51837129848,53.8977,-141.0853,-0.0025,-0.000706
1785533574910236821,51887129849,53.8977,-141.0852,-0.0025,-0.000706
1785533574960347513,51937129850,53.8977,-141.0851,-0.0025,-0.000706
1785533575010745499,51987129851,53.8977,-141.0850,-0.0025,-0.000704
1785533575060978397,52037129851,53.8976,-141.0850,-0.0025,-0.000704
1785533575110753434,52087129852,53.8976,-141.0849,-0.0025,-0.000704
1785533575161964041,52137129853,53.8976,-141.0848,-0.0025,-0.000704
1785533575210323198,52187129854,53.8975,-141.0847,-0.0025,-0.000704
1785533575264427377,52237129854,53.8975,-141.0846,-0.0025,-0.000703
1785533575311134973,52287129855,53.8975,-141.0845,-0.0025,-0.000703
1785533575360936213,52337129856,53.8974,-141.0844,-0.0025,-0.000703
1785533575410565770,52387129857,53.8974,-141.0843,-0.0025,-0.000703
1785533575461268998,52437129857,53.8974,-141.0842,-0.0025,-0.000703
1785533575510754128,52487129858,53.8974,-141.0841,-0.0025,-0.000701
1785533575560077253,52537129859,53.8973,-141.0840,-0.0025,-0.000701
1785533575611400009,52587129860,53.8973,-141.0839,-0.0025,-0.000701
1785533575661773016,52637129860,53.8973,-141.0838,-0.0025,-0.000701
1785533575713348335,52687129861,53.8972,-141.0837,-0.0025,-0.000701
1785533575760749964,52737129862,53.8972,-141.0836,-0.0025,-0.000701
1785533575813444925,52787129863,53.8972,-141.0836,-0.0025,-0.000700
1785533575861196628,52837129863,53.8972,-141.0834,-0.0025,-0.000700
1785533575910417648,52887129864,53.8971,-141.0834,-0.0025,-0.000700
1785533575961569244,52937129865,53.8971,-141.0833,-0.0025,-0.000700
1785533576010754781,52987129866,53.8971,-141.0832,-0.0025,-0.000700
1785533576063086441,53037129866,53.8970,-141.0831,-0.0025,-0.000700
1785533576112255478,53087129867,53.8970,-141.0830,-0.0025,-0.000699
1785533576160490961,53137129868,53.8970,-141.0829,-0.0025,-0.000699
1785533576215449147,53187129869,53.8970,-141.0828,-0.0025,-0.000699
1785533576260794463,53237129869,53.8969,-141.0827,-0.0025,-0.000699
1785533576311136185,53287129870,53.8969,-141.0826,-0.0025,-0.000699
1785533576360137199,53337129871,53.8969,-141.0825,-0.0025,-0.000697
1785533576410660204,53387129872,53.8968,-141.0824,-0.0025,-0.000697
1785533576460369011,53437129872,53.8968,-141.0823,-0.0025,-0.000697
1785533576510200287,53487129873,53.8968,-141.0822,-0.0025,-0.000697
1785533576560761155,53537129874,53.8968,-141.0821,-0.0025,-0.000697
1785533576610269744,53587129875,53.8967,-141.0821,-0.0025,-0.000696
1785533576661795228,53637129875,53.8967,-141.0820,-0.0025,-0.000696
1785533576712643619,53687129876,53.8967,-141.0819,-0.0025,-0.000696
1785533576760894865,53737129877,53.8966,-141.0818,-0.0026,-0.000696
1785533576812936759,53787129878,53.8966,-141.0817,-0.0026,-0.000696
1785533576861650136,53837129878,53.8966,-141.0816,-0.0026,-0.000696
1785533576910103428,53887129879,53.8966,-141.0815,-0.0026,-0.000695
1785533576960880486,53937129880,53.8965,-141.0814,-0.0026,-0.000695
1785533577010862579,53987129881,53.8965,-141.0813,-0.0026,-0.000695
1785533577060113079,54037129881,53.8965,-141.0812,-0.0026,-0.000695
1785533577110524352,54087129882,53.8964,-141.0811,-0.0026,-0.000695
1785533577161612923,54137129883,53.8964,-141.0810,-0.0026,-0.000694
1785533577210749084,54187129883,53.8964,-141.0809,-0.0026,-0.000694
1785533577261799611,54237129884,53.8964,-141.0808,-0.0026,-0.000694
1785533577310355743,54287129885,53.8963,-141.0807,-0.0026,-0.000694
1785533577359894521,54337129886,53.8963,-141.0806,-0.0026,-0.000694
1785533577410270072,54387129886,53.8963,-141.0805,-0.0026,-0.000694
1785533577461866163,54437129887,53.8962,-141.0805,-0.0026,-0.000692
1785533577510664383,54487129888,53.8962,-141.0804,-0.0026,-0.000692
1785533577561036731,54537129889,53.8962,-141.0803,-0.0026,-0.000692
1785533577611642425,54587129889,53.8961,-141.0802,-0.0026,-0.000692
1785533577660803006,54637129890,53.8961,-141.0801,-0.0026,-0.000692
1785533577710820140,54687129891,53.8961,-141.0800,-0.0026,-0.000691
1785533577761108606,54737129892,53.8961,-141.0799,-0.0026,-0.000691
1785533577812663688,54787129892,53.8960,-141.0798,-0.0026,-0.000691
1785533577864659706,54837129893,53.8960,-141.0797,-0.0026,-0.000691
1785533577910599766,54887129894,53.8960,-141.0796,-0.0026,-0.000691
1785533577962003388,54937129895,53.8959,-141.0795,-0.0026,-0.000691
1785533578010451769,54987129895,53.8959,-141.0794,-0.0026,-0.000690
1785533578060276350,55037129896,53.8959,-141.0793,-0.0026,-0.000690
1785533578110666280,55087129897,53.8959,-141.0792,-0.0026,-0.000690
1785533578160622845,55137129898,53.8958,-141.0791,-0.0026,-0.000690
1785533578210234194,55187129898,53.8958,-141.0791,-0.0026,-0.000690
1785533578261023600,55237129899,53.8958,-141.0790,-0.0026,-0.000690
1785533578311518925,55287129900,53.8957,-141.0789,-0.0026,-0.000688
1785533578360974240,55337129901,53.8957,-141.0788,-0.0026,-0.000688
1785533578410503484,55387129901,53.8957,-141.0787,-0.0026,-0.000688
1785533578460314653,55437129902,53.8957,-141.0786,-0.0026,-0.000688
1785533578512266141,55487129903,53.8956,-141.0785,-0.0026,-0.000688
1785533578563002700,55537129904,53.8956,-141.0784,-0.0026,-0.000687
1785533578610363482,55587129904,53.8956,-141.0783,-0.0026,-0.000687
1785533578660037440,55637129905,53.8955,-141.0782,-0.0026,-0.000687
1785533578711920848,55687129906,53.8955,-141.0781,-0.0026,-0.000687
1785533578762514326,55737129907,53.8955,-141.0780,-0.0026,-0.000687
1785533578810840934,55787129907,53.8955,-141.0779,-0.0026,-0.000686
1785533578885569535,55837129908,53.8954,-141.0778,-0.0026,-0.000686
1785533578911117718,55887129909,53.8954,-141.0777,-0.0026,-0.000686
1785533578960029743,55937129910,53.8954,-141.0776,-0.0026,-0.000686
1785533579010732060,55987129910,53.8953,-141.0775,-0.0026,-0.000686
1785533579060461825,56037129911,53.8953,-141.0775,-0.0026,-0.000685
1785533579110301699,56087129912,53.8953,-141.0774,-0.0026,-0.000685
1785533579161379153,56137129913,53.8952,-141.0773,-0.0026,-0.000685
1785533579212400082,56187129913,53.8952,-141.0772,-0.0026,-0.000685
1785533579262174644,56237129914,53.8952,-141.0771,-0.0026,-0.000685
1785533579312419902,56287129915,53.8952,-141.0770,-0.0026,-0.000685
1785533579360105391,56337129916,53.8951,-141.0769,-0.0026,-0.000683
1785533579410380220,56387129916,53.8951,-141.0768,-0.0026,-0.000683
1785533579462407140,56437129917,53.8951,-141.0767,-0.0026,-0.000683
1785533579511414576,56487129918,53.8950,-141.0766,-0.0026,-0.000683
1785533579560649007,56537129919,53.8950,-141.0765,-0.0026,-0.000683
1785533579610200355,56587129919,53.8950,-141.0764,-0.0026,-0.000682
1785533579660236463,56637129920,53.8950,-141.0763,-0.0026,-0.000682
1785533579712959093,56687129921,53.8949,-141.0762,-0.0026,-0.000682
1785533579761711225,56737129921,53.8949,-141.0761,-0.0026,-0.000682
1785533579814129703,56787129922,53.8949,-141.0760,-0.0027,-0.000682
1785533579860558298,56837129923,53.8948,-141.0760,-0.0027,-0.000681
1785533579910836376,56887129924,53.8948,-141.0759,-0.0027,-0.000681
1785533579960342018,56937129924,53.8948,-141.0758,-0.0027,-0.000681
1785533580010608782,56987129925,53.8948,-141.0757,-0.0027,-0.000681
1785533580060451295,57037129926,53.8947,-141.0756,-0.0027,-0.000681
1785533580110436202,57087129927,53.8947,-141.0755,-0.0027,-0.000681
1785533580160200775,57137129927,53.8947,-141.0754,-0.0027,-0.000679
1785533580211398076,57187129928,53.8946,-141.0753,-0.0027,-0.000679
1785533580260841700,57237129929,53.8946,-141.0752,-0.0027,-0.000679
1785533580311830711,57287129930,53.8946,-141.0751,-0.0027,-0.000679
1785533580362334993,57337129930,53.8946,-141.0750,-0.0027,-0.000679
1785533580410254273,57387129931,53.8945,-141.0749,-0.0027,-0.000679
1785533580461108469,57437129932,53.8945,-141.0748,-0.0027,-0.000678
1785533580510842213,57487129933,53.8945,-141.0747,-0.0027,-0.000678
1785533580563405521,57537129933,53.8944,-141.0746,-0.0027,-0.000678
1785533580610115940,57587129934,53.8944,-141.0746,-0.0027,-0.000678
1785533580660462173,57637129935,53.8944,-141.0745,-0.0027,-0.000678
1785533580713698938,57687129936,53.8944,-141.0744,-0.0027,-0.000677
1785533580762312925,57737129936,53.8943,-141.0743,-0.0027,-0.000677
1785533580810345343,57787129937,53.8943,-141.0742,-0.0027,-0.000677
1785533580863483469,57837129938,53.8943,-141.0741,-0.0027,-0.000677
1785533580912389300,57887129939,53.8942,-141.0740,-0.0027,-0.000677
1785533580960428454,57937129939,53.8942,-141.0739,-0.0027,-0.000675
1785533581010365992,57987129940,53.8942,-141.0738,-0.0027,-0.000675
1785533581061393010,58037129941,53.8941,-141.0737,-0.0027,-0.000675
1785533581109812667,58087129942,53.8941,-141.0736,-0.0027,-0.000675
1785533581160217215,58137129942,53.8941,-141.0735,-0.0027,-0.000675
1785533581210504829,58187129943,53.8941,-141.0734,-0.0027,-0.000674
1785533581260486523,58237129944,53.8940,-141.0733,-0.0027,-0.000674
1785533581310313528,58287129945,53.8940,-141.0732,-0.0027,-0.000674
1785533581360387632,58337129945,53.8940,-141.0731,-0.0027,-0.000674
1785533581410700149,58387129946,53.8939,-141.0730,-0.0027,-0.000674
1785533581461418009,58437129947,53.8939,-141.0730,-0.0027,-0.000673
1785533581511076762,58487129948,53.8939,-141.0729,-0.0027,-0.000673
1785533581560407781,58537129948,53.8939,-141.0728,-0.0027,-0.000673
1785533581610434659,58587129949,53.8938,-141.0727,-0.0027,-0.000673
1785533581660402059,58637129950,53.8938,-141.0726,-0.0027,-0.000673
1785533581710187897,58687129951,53.8938,-141.0725,-0.0027,-0.000673
1785533581763381896,58737129951,53.8937,-141.0724,-0.0027,-0.000671
1785533581810752014,58787129952,53.8937,-141.0723,-0.0027,-0.000671
1785533581863040040,58837129953,53.8937,-141.0722,-0.0027,-0.000671
1785533581910403281,58887129954,53.8937,-141.0721,-0.0027,-0.000671
1785533581964743839,58937129954,53.8936,-141.0720,-0.0027,-0.000671
1785533582013050829,58987129955,53.8936,-141.0719,-0.0027,-0.000670
1785533582060953944,59037129956,53.8936,-141.0718,-0.0027,-0.000670
1785533582110194745,59087129957,53.8935,-141.0717,-0.0027,-0.000670
1785533582160407603,59137129957,53.8935,-141.0716,-0.0027,-0.000670
1785533582210099859,59187129958,53.8935,-141.0716,-0.0027,-0.000670
1785533582261281833,59237129959,53.8935,-141.0715,-0.0027,-0.000669
1785533582313407519,59287129959,53.8934,-141.0714,-0.0027,-0.000669
1785533582360124724,59337129960,53.8934,-141.0713,-0.0027,-0.000669
1785533582410378874,59387129961,53.8934,-141.0712,-0.0027,-0.000669
1785533582462101465,59437129962,53.8933,-141.0711,-0.0027,-0.000669
1785533582511047134,59487129962,53.8933,-141.0710,-0.0027,-0.000668
1785533582560221133,59537129963,53.8933,-141.0709,-0.0027,-0.000668
1785533582610693012,59587129964,53.8932,-141.0708,-0.0027,-0.000668
1785533582660110826,59637129965,53.8932,-141.0707,-0.0027,-0.000668
1785533582711066468,59687129965,53.8932,-141.0706,-0.0027,-0.000668
1785533582760005478,59737129966,53.8932,-141.0705,-0.0027,-0.000668
1785533582813067377,59787129967,53.8931,-141.0704,-0.0027,-0.000666
1785533582864864929,59837129968,53.8931,-141.0703,-0.0027,-0.000666
1785533582910712738,59887129968,53.8931,-141.0702,-0.0028,-0.000666
1785533582962071855,59937129969,53.8930,-141.0701,-0.0028,-0.000666
1785533583010780025,59987129970,53.8930,-141.0701,-0.0028,-0.000666
1785533583059963341,60037129971,53.8930,-141.0700,-0.0028,-0.000665
1785533583111739848,60087129971,53.8930,-141.0699,-0.0028,-0.000665
1785533583160163782,60137129972,53.8929,-141.0698,-0.0028,-0.000665
1785533583210120996,60187129973,53.8929,-141.0697,-0.0028,-0.000665
1785533583263249581,60237129974,53.8929,-141.0696,-0.0028,-0.000665
1785533583311033250,60287129974,53.8928,-141.0695,-0.0028,-0.000665
1785533583360584512,60337129975,53.8928,-141.0694,-0.0028,-0.000664
1785533583415412862,60387129976,53.8928,-141.0693,-0.0028,-0.000664
1785533583460657834,60437129977,53.8928,-141.0692,-0.0028,-0.000664
1785533583510410012,60487129977,53.8927,-141.0691,-0.0028,-0.000664
1785533583565332269,60537129978,53.8927,-141.0690,-0.0028,-0.000664
1785533583610493709,60587129979,53.8927,-141.0689,-0.0028,-0.000662
1785533583660491430,60637129980,53.8926,-141.0688,-0.0028,-0.000662
1785533583710689075,60687129980,53.8926,-141.0687,-0.0028,-0.000662
1785533583766428193,60737129981,53.8926,-141.0687,-0.0028,-0.000662
1785533583811335793,60787129982,53.8926,-141.0685,-0.0028,-0.000662
1785533583861251902,60837129983,53.8925,-141.0685,-0.0028,-0.000661
1785533583911039144,60887129983,53.8925,-141.0684,-0.0028,-0.000661
1785533583962116194,60937129984,53.8925,-141.0683,-0.0028,-0.000661
1785533584011166228,60987129985,53.8924,-141.0682,-0.0028,-0.000661
1785533584060323746,61037129986,53.8924,-141.0681,-0.0028,-0.000661
1785533584109619882,61087129986,53.8924,-141.0680,-0.0028,-0.000660
1785533584161563018,61137129987,53.8924,-141.0679,-0.0028,-0.000660
1785533584212214834,61187129988,53.8923,-141.0678,-0.0028,-0.000660
1785533584261012218,61237129989,53.8923,-141.0677,-0.0028,-0.000660
1785533584311494631,61287129989,53.8923,-141.0676,-0.0028,-0.000660
1785533584360576306,61337129990,53.8922,-141.0675,-0.0028,-0.000659
1785533584412708665,61387129991,53.8922,-141.0674,-0.0028,-0.000659
1785533584461381986,61437129992,53.8922,-141.0673,-0.0028,-0.000659
1785533584512860393,61487129992,53.8922,-141.0672,-0.0028,-0.000659
1785533584563148836,61537129993,53.8921,-141.0671,-0.0028,-0.000659
1785533584610550221,61587129994,53.8921,-141.0671,-0.0028,-0.000657
1785533584660933927,61637129995,53.8921,-141.0670,-0.0028,-0.000657
1785533584711160914,61687129995,53.8920,-141.0669,-0.0028,-0.000657
1785533584760336721,61737129996,53.8920,-141.0668,-0.0028,-0.000657
1785533584814495561,61787129997,53.8920,-141.0667,-0.0028,-0.000657
1785533584863436233,61837129997,53.8919,-141.0666,-0.0028,-0.000656
1785533584910874221,61887129998,53.8919,-141.0665,-0.0028,-0.000656
1785533584960226753,61937129999,53.8919,-141.0664,-0.0028,-0.000656
1785533585014205616,61987130000,53.8919,-141.0663,-0.0028,-0.000656
1785533585061492004,62037130000,53.8918,-141.0662,-0.0028,-0.000656
1785533585110117113,62087130001,53.8918,-141.0661,-0.0028,-0.000655
1785533585162681264,62137130002,53.8918,-141.0660,-0.0028,-0.000655
1785533585210801444,62187130003,53.8917,-141.0659,-0.0028,-0.000655
1785533585262295935,62237130003,53.8917,-141.0658,-0.0028,-0.000655
1785533585311616930,62287130004,53.8917,-141.0658,-0.0028,-0.000655
1785533585360187442,62337130005,53.8917,-141.0656,-0.0028,-0.000654
1785533585410423567,62387130006,53.8916,-141.0656,-0.0028,-0.000654
1785533585463843887,62437130006,53.8916,-141.0655,-0.0028,-0.000654
1785533585510471393,62487130007,53.8916,-141.0654,-0.0028,-0.000654
1785533585559824829,62537130008,53.8915,-141.0653,-0.0028,-0.000654
1785533585610951273,62587130009,53.8915,-141.0652,-0.0028,-0.000652
1785533585663719159,62637130009,53.8915,-141.0651,-0.0028,-0.000652
1785533585713618481,62687130010,53.8915,-141.0650,-0.0028,-0.000652
1785533585761257669,62737130011,53.8914,-141.0649,-0.0028,-0.000652
1785533585812344175,62787130012,53.8914,-141.0648,-0.0028,-0.000652
1785533585862488113,62837130012,53.8914,-141.0647,-0.0028,-0.000651
1785533585910591205,62887130013,53.8913,-141.0646,-0.0028,-0.000651
1785533585960895955,62937130014,53.8913,-141.0645,-0.0029,-0.000651
1785533586010006876,62987130015,53.8913,-141.0644,-0.0029,-0.000651
1785533586063394625,63037130015,53.8913,-141.0643,-0.0029,-0.000651
1785533586110728811,63087130016,53.8912,-141.0642,-0.0029,-0.000650
1785533586163931288,63137130017,53.8912,-141.0642,-0.0029,-0.000650
1785533586210126947,63187130018,53.8912,-141.0641,-0.0029,-0.000650
1785533586263397046,63237130018,53.8911,-141.0640,-0.0029,-0.000650
1785533586310804935,63287130019,53.8911,-141.0639,-0.0029,-0.000650
1785533586360172770,63337130020,53.8911,-141.0638,-0.0029,-0.000649
1785533586410759190,63387130021,53.8910,-141.0637,-0.0029,-0.000649
1785533586460423673,63437130021,53.8910,-141.0636,-0.0029,-0.000649
1785533586510321364,63487130022,53.8910,-141.0635,-0.0029,-0.000649
1785533586560192928,63537130023,53.8910,-141.0634,-0.0029,-0.000649
1785533586610037726,63587130024,53.8909,-141.0633,-0.0029,-0.000647
1785533586661124456,63637130024,53.8909,-141.0632,-0.0029,-0.000647
1785533586711211549,63687130025,53.8909,-141.0631,-0.0029,-0.000647
1785533586760626576,63737130026,53.8908,-141.0630,-0.0029,-0.000647
1785533586812067517,63787130027,53.8908,-141.0629,-0.0029,-0.000647
1785533586862377833,63837130027,53.8908,-141.0628,-0.0029,-0.000646
1785533586912400195,63887130028,53.8908,-141.0627,-0.0029,-0.000646
1785533586959961503,63937130029,53.8907,-141.0627,-0.0029,-0.000646
1785533587010872662,63987130030,53.8907,-141.0626,-0.0029,-0.000646
1785533587060106286,64037130030,53.8907,-141.0625,-0.0029,-0.000646
1785533587110065071,64087130031,53.8906,-141.0624,-0.0029,-0.000645
1785533587164382920,64137130032,53.8906,-141.0623,-0.0029,-0.000645
1785533587210444384,64187130033,53.8906,-141.0622,-0.0029,-0.000645
1785533587263411529,64237130033,53.8906,-141.0621,-0.0029,-0.000645
1785533587311972897,64287130034,53.8905,-141.0620,-0.0029,-0.000645
1785533587361423152,64337130035,53.8905,-141.0619,-0.0029,-0.000645
1785533587413646454,64387130035,53.8905,-141.0618,-0.0029,-0.000643
1785533587460373318,64437130036,53.8904,-141.0617,-0.0029,-0.000643
1785533587510146277,64487130037,53.8904,-141.0616,-0.0029,-0.000643
1785533587560116879,64537130038,53.8904,-141.0615,-0.0029,-0.000643
1785533587610292197,64587130038,53.8904,-141.0614,-0.0029,-0.000643
1785533587661352250,64637130039,53.8903,-141.0613,-0.0029,-0.000642
1785533587713016238,64687130040,53.8903,-141.0613,-0.0029,-0.000642
1785533587760198621,64737130041,53.8903,-141.0612,-0.0029,-0.000642
1785533587810464816,64787130041,53.8902,-141.0611,-0.0029,-0.000642
1785533587860785029,64837130042,53.8902,-141.0610,-0.0029,-0.000642
1785533587910394883,64887130043,53.8902,-141.0609,-0.0029,-0.000641
1785533587960965975,64937130044,53.8902,-141.0608,-0.0029,-0.000641
1785533588010727819,64987130044,53.8901,-141.0607,-0.0029,-0.000641
1785533588062329468,65037130045,53.8901,-141.0606,-0.0029,-0.000641
1785533588110468808,65087130046,53.8901,-141.0605,-0.0029,-0.000641
1785533588162931592,65137130047,53.8900,-141.0604,-0.0029,-0.000641
1785533588212194650,65187130047,53.8900,-141.0603,-0.0029,-0.000639
1785533588260071039,65237130048,53.8900,-141.0602,-0.0029,-0.000639
1785533588310670742,65287130049,53.8900,-141.0601,-0.0029,-0.000639
1785533588360129636,65337130050,53.8899,-141.0600,-0.0029,-0.000639
1785533588411216430,65387130050,53.8899,-141.0599,-0.0029,-0.000639
1785533588460567695,65437130051,53.8899,-141.0598,-0.0029,-0.000638
1785533588510753736,65487130052,53.8898,-141.0597,-0.0029,-0.000638
1785533588564222138,65537130053,53.8898,-141.0597,-0.0029,-0.000638
1785533588610544109,65587130053,53.8898,-141.0596,-0.0029,-0.000638
1785533588660599179,65637130054,53.8897,-141.0595,-0.0029,-0.000638
1785533588712403680,65687130055,53.8897,-141.0594,-0.0029,-0.000637
1785533588760033260,65737130056,53.8897,-141.0593,-0.0029,-0.000637
1785533588810314272,65787130056,53.8897,-141.0592,-0.0029,-0.000637
1785533588861439462,65837130057,53.8896,-141.0591,-0.0029,-0.000637
1785533588910085309,65887130058,53.8896,-141.0590,-0.0029,-0.000637
1785533588960464758,65937130059,53.8896,-141.0589,-0.0029,-0.000637
1785533589011804593,65987130059,53.8895,-141.0588,-0.0029,-0.000635
1785533589060233722,66037130060,53.8895,-141.0587,-0.0030,-0.000635
1785533589110792038,66087130061,53.8895,-141.0586,-0.0030,-0.000635
1785533589160338465,66137130062,53.8895,-141.0585,-0.0030,-0.000635
1785533589212951263,66187130062,53.8894,-141.0584,-0.0030,-0.000635
1785533589262495188,66237130063,53.8894,-141.0583,-0.0030,-0.000634
1785533589310658108,66287130064,53.8894,-141.0583,-0.0030,-0.000634
1785533589359975053,66337130065,53.8893,-141.0582,-0.0030,-0.000634
1785533589411819045,66387130065,53.8893,-141.0581,-0.0030,-0.000634
1785533589460457482,66437130066,53.8893,-141.0580,-0.0030,-0.000634
1785533589510393500,66487130067,53.8893,-141.0579,-0.0030,-0.000633
1785533589563536203,66537130068,53.8892,-141.0578,-0.0030,-0.000633
1785533589611159328,66587130068,53.8892,-141.0577,-0.0030,-0.000633
1785533589660321371,66637130069,53.8892,-141.0576,-0.0030,-0.000633
1785533589715871004,66687130070,53.8891,-141.0575,-0.0030,-0.000633
1785533589762211036,66737130071,53.8891,-141.0574,-0.0030,-0.000633
1785533589810838964,66787130071,53.8891,-141.0573,-0.0030,-0.000631
1785533589860751776,66837130072,53.8890,-141.0572,-0.0030,-0.000631
1785533589910848411,66887130073,53.8890,-141.0571,-0.0030,-0.000631
1785533589960564118,66937130073,53.8890,-141.0570,-0.0030,-0.000631
1785533590011090900,66987130074,53.8890,-141.0569,-0.0030,-0.000631
1785533590060167588,67037130075,53.8889,-141.0568,-0.0030,-0.000630
1785533590110574507,67087130076,53.8889,-141.0568,-0.0030,-0.000630
1785533590160330937,67137130076,53.8889,-141.0567,-0.0030,-0.000630
1785533590210996234,67187130077,53.8888,-141.0566,-0.0030,-0.000630
1785533590260864368,67237130078,53.8888,-141.0565,-0.0030,-0.000630
1785533590311527580,67287130079,53.8888,-141.0564,-0.0030,-0.000630
1785533590362217978,67337130079,53.8888,-141.0563,-0.0030,-0.000628
1785533590411118366,67387130080,53.8887,-141.0562,-0.0030,-0.000628
1785533590462085266,67437130081,53.8887,-141.0561,-0.0030,-0.000628
1785533590511154414,67487130082,53.8887,-141.0560,-0.0030,-0.000628
1785533590560808508,67537130082,53.8886,-141.0559,-0.0030,-0.000628
1785533590610788185,67587130083,53.8886,-141.0558,-0.0030,-0.000627
1785533590660138612,67637130084,53.8886,-141.0557,-0.0030,-0.000627
1785533590710441942,67687130085,53.8886,-141.0556,-0.0030,-0.000627
1785533590760690785,67737130085,53.8885,-141.0555,-0.0030,-0.000627
1785533590810388034,67787130086,53.8885,-141.0554,-0.0030,-0.000627
1785533590861443100,67837130087,53.8885,-141.0554,-0.0030,-0.000627
1785533590911787235,67887130088,53.8884,-141.0553,-0.0030,-0.000625
1785533590960672190,67937130088,53.8884,-141.0552,-0.0030,-0.000625
1785533591010477730,67987130089,53.8884,-141.0551,-0.0030,-0.000625
1785533591060830816,68037130090,53.8884,-141.0550,-0.0030,-0.000625
1785533591110757835,68087130091,53.8883,-141.0549,-0.0030,-0.000625
1785533591160863884,68137130091,53.8883,-141.0548,-0.0030,-0.000624
1785533591211336430,68187130092,53.8883,-141.0547,-0.0030,-0.000624
1785533591260393521,68237130093,53.8882,-141.0546,-0.0030,-0.000624
1785533591310162605,68287130094,53.8882,-141.0545,-0.0030,-0.000624
1785533591360368897,68337130094,53.8882,-141.0544,-0.0030,-0.000624
1785533591410487760,68387130095,53.8882,-141.0543,-0.0030,-0.000623
1785533591462782102,68437130096,53.8881,-141.0542,-0.0030,-0.000623
1785533591512634333,68487130097,53.8881,-141.0541,-0.0030,-0.000623
1785533591560582928,68537130097,53.8881,-141.0540,-0.0030,-0.000623
1785533591610957118,68587130098,53.8880,-141.0539,-0.0030,-0.000623
1785533591660417112,68637130099,53.8880,-141.0538,-0.0030,-0.000623
1785533591710658280,68687130100,53.8880,-141.0538,-0.0030,-0.000621
1785533591762117637,68737130100,53.8880,-141.0537,-0.0030,-0.000621
1785533591811172065,68787130101,53.8879,-141.0536,-0.0030,-0.000621
1785533591860723518,68837130102,53.8879,-141.0535,-0.0030,-0.000621
1785533591913612504,68887130103,53.8879,-141.0534,-0.0030,-0.000621
1785533591963432670,68937130103,53.8878,-141.0533,-0.0030,-0.000620
1785533592012451100,68987130104,53.8878,-141.0532,-0.0030,-0.000620
1785533592062237218,69037130105,53.8878,-141.0531,-0.0030,-0.000620
1785533592111356512,69087130106,53.8877,-141.0530,-0.0031,-0.000620
1785533592160757463,69137130106,53.8877,-141.0529,-0.0031,-0.000620
1785533592211811363,69187130107,53.8877,-141.0528,-0.0031,-0.000619
1785533592260488691,69237130108,53.8877,-141.0527,-0.0031,-0.000619
1785533592310786031,69287130109,53.8876,-141.0526,-0.0031,-0.000619
1785533592360753317,69337130109,53.8876,-141.0525,-0.0031,-0.000619
1785533592411969324,69387130110,53.8876,-141.0524,-0.0031,-0.000619
1785533592461678312,69437130111,53.8875,-141.0524,-0.0031,-0.000619
1785533592510158456,69487130111,53.8875,-141.0523,-0.0031,-0.000617
1785533592560853527,69537130112,53.8875,-141.0522,-0.0031,-0.000617
1785533592613048705,69587130113,53.8875,-141.0521,-0.0031,-0.000617
1785533592662406270,69637130114,53.8874,-141.0520,-0.0031,-0.000617
1785533592711272928,69687130114,53.8874,-141.0519,-0.0031,-0.000617
1785533592764396373,69737130115,53.8874,-141.0518,-0.0031,-0.000616
1785533592811484319,69787130116,53.8873,-141.0517,-0.0031,-0.000616
1785533592860691614,69837130117,53.8873,-141.0516,-0.0031,-0.000616
1785533592914335876,69887130117,53.8873,-141.0515,-0.0031,-0.000616
1785533592960267523,69937130118,53.8873,-141.0514,-0.0031,-0.000616
1785533593013889736,69987130119,53.8872,-141.0513,-0.0031,-0.000616
1785533593062580708,70037130120,53.8872,-141.0512,-0.0031,-0.000614
1785533593111250037,70087130120,53.8872,-141.0511,-0.0031,-0.000614
1785533593160571657,70137130121,53.8871,-141.0511,-0.0031,-0.000614
1785533593210098675,70187130122,53.8871,-141.0509,-0.0031,-0.000614
1785533593261395108,70237130123,53.8871,-141.0509,-0.0031,-0.000614
1785533593310097050,70287130123,53.8871,-141.0508,-0.0031,-0.000613
1785533593360433966,70337130124,53.8870,-141.0507,-0.0031,-0.000613
1785533593411287908,70387130125,53.8870,-141.0506,-0.0031,-0.000613
1785533593460322793,70437130126,53.8870,-141.0505,-0.0031,-0.000613
1785533593511302829,70487130126,53.8869,-141.0504,-0.0031,-0.000613
1785533593560129694,70537130127,53.8869,-141.0503,-0.0031,-0.000612
1785533593610508262,70587130128,53.8869,-141.0502,-0.0031,-0.000612
1785533593661313242,70637130129,53.8868,-141.0501,-0.0031,-0.000612
1785533593712032760,70687130129,53.8868,-141.0500,-0.0031,-0.000612
1785533593764443168,70737130130,53.8868,-141.0499,-0.0031,-0.000612
1785533593810568115,70787130131,53.8868,-141.0498,-0.0031,-0.000612
1785533593860103671,70837130132,53.8867,-141.0497,-0.0031,-0.000610
1785533593911205497,70887130132,53.8867,-141.0496,-0.0031,-0.000610
1785533593964514813,70937130133,53.8867,-141.0495,-0.0031,-0.000610
1785533594011530264,70987130134,53.8866,-141.0495,-0.0031,-0.000610
1785533594063062538,71037130135,53.8866,-141.0494,-0.0031,-0.000610
1785533594112335822,71087130135,53.8866,-141.0493,-0.0031,-0.000610
1785533594168337197,71137130136,53.8866,-141.0492,-0.0031,-0.000608
1785533594210662331,71187130137,53.8865,-141.0491,-0.0031,-0.000608
1785533594260712308,71237130138,53.8865,-141.0490,-0.0031,-0.000608
1785533594310596956,71287130138,53.8865,-141.0489,-0.0031,-0.000608
1785533594361476784,71337130139,53.8864,-141.0488,-0.0031,-0.000608
1785533594410718626,71387130140,53.8864,-141.0487,-0.0031,-0.000607
1785533594461522098,71437130141,53.8864,-141.0486,-0.0031,-0.000607
1785533594510914996,71487130141,53.8864,-141.0485,-0.0031,-0.000607
1785533594561164374,71537130142,53.8863,-141.0484,-0.0031,-0.000607
1785533594612275263,71587130143,53.8863,-141.0483,-0.0031,-0.000607
1785533594661681045,71637130144,53.8863,-141.0482,-0.0031,-0.000606
1785533594710528459,71687130144,53.8862,-141.0481,-0.0031,-0.000606
1785533594761493797,71737130145,53.8862,-141.0481,-0.0031,-0.000606
1785533594811135646,71787130146,53.8862,-141.0480,-0.0031,-0.000606
1785533594860898640,71837130147,53.8862,-141.0479,-0.0031,-0.000606
1785533594911007415,71887130147,53.8861,-141.0478,-0.0031,-0.000606
1785533594961194615,71937130148,53.8861,-141.0477,-0.0031,-0.000604
1785533595011463101,71987130149,53.8861,-141.0476,-0.0031,-0.000604
1785533595060016442,72037130149,53.8860,-141.0475,-0.0031,-0.000604
1785533595110160834,72087130150,53.8860,-141.0474,-0.0031,-0.000604
1785533595160810726,72137130151,53.8860,-141.0473,-0.0031,-0.000604
1785533595210852003,72187130152,53.8860,-141.0472,-0.0032,-0.000603
1785533595260381731,72237130152,53.8859,-141.0471,-0.0032,-0.000603
1785533595310831099,72287130153,53.8859,-141.0470,-0.0032,-0.000603
1785533595360290900,72337130154,53.8859,-141.0469,-0.0032,-0.000603
1785533595410526951,72387130155,53.8858,-141.0468,-0.0032,-0.000603
1785533595460754806,72437130155,53.8858,-141.0467,-0.0032,-0.000603
1785533595511018213,72487130156,53.8858,-141.0466,-0.0032,-0.000601
1785533595561622248,72537130157,53.8858,-141.0466,-0.0032,-0.000601
1785533595610403846,72587130158,53.8857,-141.0465,-0.0032,-0.000601
1785533595660738585,72637130158,53.8857,-141.0464,-0.0032,-0.000601
1785533595711836055,72687130159,53.8857,-141.0463,-0.0032,-0.000601
1785533595760742836,72737130160,53.8856,-141.0462,-0.0032,-0.000600
1785533595810937294,72787130161,53.8856,-141.0461,-0.0032,-0.000600
1785533595861955591,72837130161,53.8856,-141.0460,-0.0032,-0.000600
1785533595911609575,72887130162,53.8855,-141.0459,-0.0032,-0.000600
1785533595960912701,72937130163,53.8855,-141.0458,-0.0032,-0.000600
1785533596010450266,72987130164,53.8855,-141.0457,-0.0032,-0.000600
1785533596063948994,73037130164,53.8855,-141.0456,-0.0032,-0.000598
1785533596110684598,73087130165,53.8854,-141.0455,-0.0032,-0.000598
1785533596161628815,73137130166,53.8854,-141.0454,-0.0032,-0.000598
1785533596210057069,73187130167,53.8854,-141.0453,-0.0032,-0.000598
1785533596260055677,73237130167,53.8853,-141.0452,-0.0032,-0.000598
1785533596311221288,73287130168,53.8853,-141.0452,-0.0032,-0.000597
1785533596361264811,73337130169,53.8853,-141.0451,-0.0032,-0.000597
1785533596412457733,73387130170,53.8853,-141.0450,-0.0032,-0.000597
1785533596461931153,73437130170,53.8852,-141.0449,-0.0032,-0.000597
1785533596513595665,73487130171,53.8852,-141.0448,-0.0032,-0.000597
1785533596561025456,73537130172,53.8852,-141.0447,-0.0032,-0.000596
1785533596611392484,73587130173,53.8851,-141.0446,-0.0032,-0.000596
1785533596661267751,73637130173,53.8851,-141.0445,-0.0032,-0.000596
1785533596711167059,73687130174,53.8851,-141.0444,-0.0032,-0.000596
1785533596764464205,73737130175,53.8851,-141.0443,-0.0032,-0.000596
1785533596810719622,73787130176,53.8850,-141.0442,-0.0032,-0.000596
1785533596864342378,73837130176,53.8850,-141.0441,-0.0032,-0.000594
1785533596910462522,73887130177,53.8850,-141.0440,-0.0032,-0.000594
1785533596960475405,73937130178,53.8849,-141.0439,-0.0032,-0.000594
1785533597009985014,73987130179,53.8849,-141.0438,-0.0032,-0.000594
1785533597061091788,74037130179,53.8849,-141.0437,-0.0032,-0.000594
1785533597110691736,74087130180,53.8849,-141.0437,-0.0032,-0.000593
1785533597162673303,74137130181,53.8848,-141.0436,-0.0032,-0.000593
1785533597210830348,74187130182,53.8848,-141.0435,-0.0032,-0.000593
1785533597261479067,74237130182,53.8848,-141.0434,-0.0032,-0.000593
1785533597310194578,74287130183,53.8847,-141.0433,-0.0032,-0.000593
1785533597360488182,74337130184,53.8847,-141.0432,-0.0032,-0.000593
1785533597410039644,74387130184,53.8847,-141.0431,-0.0032,-0.000591
1785533597460095471,74437130185,53.8847,-141.0430,-0.0032,-0.000591
1785533597511186970,74487130186,53.8846,-141.0429,-0.0032,-0.000591
1785533597560762951,74537130187,53.8846,-141.0428,-0.0032,-0.000591
1785533597610345759,74587130187,53.8846,-141.0427,-0.0032,-0.000591
1785533597660036016,74637130188,53.8845,-141.0426,-0.0032,-0.000590
1785533597710842569,74687130189,53.8845,-141.0425,-0.0032,-0.000590
1785533597761783130,74737130190,53.8845,-141.0424,-0.0032,-0.000590
1785533597813805579,74787130190,53.8844,-141.0423,-0.0032,-0.000590
1785533597862830671,74837130191,53.8844,-141.0423,-0.0032,-0.000590
1785533597910358697,74887130192,53.8844,-141.0422,-0.0032,-0.000588
1785533597960383671,74937130193,53.8844,-141.0421,-0.0032,-0.000588
1785533598011120447,74987130193,53.8843,-141.0420,-0.0032,-0.000588
1785533598067187838,75037130194,53.8843,-141.0419,-0.0032,-0.000588
1785533598110511363,75087130195,53.8843,-141.0418,-0.0032,-0.000588
1785533598161143363,75137130196,53.8842,-141.0417,-0.0032,-0.000587
1785533598209628314,75187130196,53.8842,-141.0416,-0.0032,-0.000587
1785533598262343332,75237130197,53.8842,-141.0415,-0.0033,-0.000587
1785533598310654488,75287130198,53.8842,-141.0414,-0.0033,-0.000587
1785533598360844376,75337130199,53.8841,-141.0413,-0.0033,-0.000587
1785533598410509761,75387130199,53.8841,-141.0412,-0.0033,-0.000587
1785533598461180329,75437130200,53.8841,-141.0411,-0.0033,-0.000585
1785533598512404699,75487130201,53.8840,-141.0410,-0.0033,-0.000585
1785533598563417247,75537130202,53.8840,-141.0409,-0.0033,-0.000585
1785533598613314936,75587130202,53.8840,-141.0409,-0.0033,-0.000585
1785533598663358809,75637130203,53.8840,-141.0407,-0.0033,-0.000585
1785533598710283009,75687130204,53.8839,-141.0407,-0.0033,-0.000584
1785533598760992864,75737130205,53.8839,-141.0406,-0.0033,-0.000584
1785533598810974223,75787130205,53.8839,-141.0405,-0.0033,-0.000584
1785533598860694406,75837130206,53.8838,-141.0404,-0.0033,-0.000584
1785533598910908467,75887130207,53.8838,-141.0403,-0.0033,-0.000584
1785533598960190344,75937130208,53.8838,-141.0402,-0.0033,-0.000584
1785533599014745742,75987130208,53.8838,-141.0401,-0.0033,-0.000582
1785533599061087961,76037130209,53.8837,-141.0400,-0.0033,-0.000582
1785533599110270863,76087130210,53.8837,-141.0399,-0.0033,-0.000582
1785533599160572299,76137130211,53.8837,-141.0398,-0.0033,-0.000582
1785533599210080466,76187130211,53.8836,-141.0397,-0.0033,-0.000582
1785533599260293716,76237130212,53.8836,-141.0396,-0.0033,-0.000581
1785533599311407300,76287130213,53.8836,-141.0395,-0.0033,-0.000581
1785533599359940539,76337130214,53.8835,-141.0394,-0.0033,-0.000581
1785533599410584220,76387130214,53.8835,-141.0393,-0.0033,-0.000581
1785533599460474534,76437130215,53.8835,-141.0393,-0.0033,-0.000581
1785533599510337066,76487130216,53.8835,-141.0392,-0.0033,-0.000581
1785533599563120192,76537130217,53.8834,-141.0391,-0.0033,-0.000579
1785533599612605918,76587130217,53.8834,-141.0390,-0.0033,-0.000579
1785533599661698189,76637130218,53.8834,-141.0389,-0.0033,-0.000579
1785533599710278259,76687130219,53.8833,-141.0388,-0.0033,-0.000579
1785533599760645266,76737130220,53.8833,-141.0387,-0.0033,-0.000579
1785533599813383292,76787130220,53.8833,-141.0386,-0.0033,-0.000578
1785533599865497253,76837130221,53.8833,-141.0385,-0.0033,-0.000578
1785533599911075012,76887130222,53.8832,-141.0384,-0.0033,-0.000578
1785533599962342705,76937130222,53.8832,-141.0383,-0.0033,-0.000578
1785533600011481917,76987130223,53.8832,-141.0382,-0.0033,-0.000578
1785533600060869011,77037130224,53.8831,-141.0381,-0.0033,-0.000577
1785533600112397329,77087130225,53.8831,-141.0380,-0.0033,-0.000577
1785533600161245057,77137130225,53.8831,-141.0380,-0.0033,-0.000577
1785533600214181066,77187130226,53.8831,-141.0379,-0.0033,-0.000577
1785533600261524998,77237130227,53.8830,-141.0378,-0.0033,-0.000577
1785533600310510056,77287130228,53.8830,-141.0377,-0.0033,-0.000575
1785533600360302025,77337130228,53.8830,-141.0376,-0.0033,-0.000575
1785533600413924250,77387130229,53.8829,-141.0375,-0.0033,-0.000575
1785533600460386743,77437130230,53.8829,-141.0374,-0.0033,-0.000575
1785533600510064092,77487130231,53.8829,-141.0373,-0.0033,-0.000575
1785533600562796292,77537130231,53.8829,-141.0372,-0.0033,-0.000575
1785533600612093093,77587130232,53.8828,-141.0371,-0.0033,-0.000574
1785533600661695895,77637130233,53.8828,-141.0370,-0.0033,-0.000574
1785533600715288371,77687130234,53.8828,-141.0369,-0.0033,-0.000574
1785533600762107772,77737130234,53.8827,-141.0368,-0.0033,-0.000574
1785533600812654697,77787130235,53.8827,-141.0367,-0.0033,-0.000574
1785533600872849116,77837130236,53.8827,-141.0366,-0.0033,-0.000572
1785533600909821478,77887130237,53.8827,-141.0366,-0.0033,-0.000572
1785533600962411983,77937130237,53.8826,-141.0364,-0.0033,-0.000572
1785533601010275738,77987130238,53.8826,-141.0364,-0.0033,-0.000572
1785533601060390204,78037130239,53.8826,-141.0363,-0.0033,-0.000572
1785533601112050548,78087130240,53.8825,-141.0362,-0.0033,-0.000571
1785533601161462762,78137130240,53.8825,-141.0361,-0.0033,-0.000571
1785533601210411241,78187130241,53.8825,-141.0360,-0.0033,-0.000571
1785533601260012349,78237130242,53.8825,-141.0359,-0.0033,-0.000571
1785533601311812649,78287130243,53.8824,-141.0358,-0.0033,-0.000571
1785533601360021967,78337130243,53.8824,-141.0357,-0.0034,-0.000570
1785533601411788218,78387130244,53.8824,-141.0356,-0.0034,-0.000570
1785533601460566466,78437130245,53.8823,-141.0355,-0.0034,-0.000570
1785533601510251257,78487130246,53.8823,-141.0354,-0.0034,-0.000570
1785533601561583213,78537130246,53.8823,-141.0353,-0.0034,-0.000570
1785533601610341620,78587130247,53.8822,-141.0352,-0.0034,-0.000570
1785533601660436743,78637130248,53.8822,-141.0351,-0.0034,-0.000568
1785533601710153603,78687130249,53.8822,-141.0350,-0.0034,-0.000568
1785533601762794120,78737130249,53.8822,-141.0350,-0.0034,-0.000568
1785533601810884969,78787130250,53.8821,-141.0349,-0.0034,-0.000568
1785533601861269748,78837130251,53.8821,-141.0348,-0.0034,-0.000568
1785533601913671688,78887130252,53.8821,-141.0347,-0.0034,-0.000568
1785533601960277388,78937130252,53.8820,-141.0346,-0.0034,-0.000566
1785533602011225412,78987130253,53.8820,-141.0345,-0.0034,-0.000566
1785533602060364034,79037130254,53.8820,-141.0344,-0.0034,-0.000566
1785533602111277184,79087130255,53.8820,-141.0343,-0.0034,-0.000566
1785533602161292990,79137130255,53.8819,-141.0342,-0.0034,-0.000566
1785533602210136401,79187130256,53.8819,-141.0341,-0.0034,-0.000566
1785533602262825143,79237130257,53.8819,-141.0340,-0.0034,-0.000565
1785533602310845529,79287130258,53.8818,-141.0339,-0.0034,-0.000565
1785533602362051732,79337130258,53.8818,-141.0338,-0.0034,-0.000565
1785533602415497488,79387130259,53.8818,-141.0337,-0.0034,-0.000565
1785533602462822060,79437130260,53.8818,-141.0337,-0.0034,-0.000565
1785533602509824803,79487130260,53.8817,-141.0336,-0.0034,-0.000563
1785533602560703916,79537130261,53.8817,-141.0335,-0.0034,-0.000563
1785533602610271692,79587130262,53.8817,-141.0334,-0.0034,-0.000563
1785533602661066679,79637130263,53.8816,-141.0333,-0.0034,-0.000563
1785533602710935988,79687130263,53.8816,-141.0332,-0.0034,-0.000563
1785533602761338103,79737130264,53.8816,-141.0331,-0.0034,-0.000563
1785533602811480797,79787130265,53.8816,-141.0330,-0.0034,-0.000562
1785533602860331095,79837130266,53.8815,-141.0329,-0.0034,-0.000562
1785533602912203112,79887130266,53.8815,-141.0328,-0.0034,-0.000562
1785533602961430146,79937130267,53.8815,-141.0327,-0.0034,-0.000562
1785533603010397684,79987130268,53.8814,-141.0326,-0.0034,-0.000562
1785533603060101853,80037130269,53.8814,-141.0325,-0.0034,-0.000560
1785533603110671989,80087130269,53.8814,-141.0324,-0.0034,-0.000560
1785533603161183976,80137130270,53.8814,-141.0323,-0.0034,-0.000560
1785533603210169988,80187130271,53.8813,-141.0323,-0.0034,-0.000560
1785533603260450638,80237130272,53.8813,-141.0321,-0.0034,-0.000560
1785533603310463989,80287130272,53.8813,-141.0321,-0.0034,-0.000560
1785533603360624842,80337130273,53.8812,-141.0320,-0.0034,-0.000558
1785533603413422606,80387130274,53.8812,-141.0319,-0.0034,-0.000558
1785533603460375132,80437130275,53.8812,-141.0318,-0.0034,-0.000558
1785533603510500914,80487130275,53.8811,-141.0317,-0.0034,-0.000558
1785533603560692668,80537130276,53.8811,-141.0316,-0.0034,-0.000558
1785533603609723693,80587130277,53.8811,-141.0315,-0.0034,-0.000557
1785533603659927180,80637130278,53.8811,-141.0314,-0.0034,-0.000557
1785533603710531623,80687130278,53.8810,-141.0313,-0.0034,-0.000557
1785533603762143001,80737130279,53.8810,-141.0312,-0.0034,-0.000557
1785533603810120585,80787130280,53.8810,-141.0311,-0.0034,-0.000557
1785533603861503730,80837130281,53.8809,-141.0310,-0.0034,-0.000557
1785533603910362658,80887130281,53.8809,-141.0309,-0.0034,-0.000555
1785533603961145068,80937130282,53.8809,-141.0308,-0.0034,-0.000555
1785533604010965915,80987130283,53.8809,-141.0307,-0.0034,-0.000555
1785533604061901503,81037130284,53.8808,-141.0307,-0.0034,-0.000555
1785533604113455541,81087130284,53.8808,-141.0306,-0.0034,-0.000555
1785533604160271034,81137130285,53.8808,-141.0305,-0.0034,-0.000554
1785533604211536886,81187130286,53.8807,-141.0304,-0.0034,-0.000554
1785533604260501918,81237130287,53.8807,-141.0303,-0.0034,-0.000554
1785533604311258817,81287130287,53.8807,-141.0302,-0.0034,-0.000554
1785533604359971018,81337130288,53.8807,-141.0301,-0.0034,-0.000554
1785533604414521270,81387130289,53.8806,-141.0300,-0.0035,-0.000554
1785533604460518206,81437130290,53.8806,-141.0299,-0.0035,-0.000552
1785533604512581890,81487130290,53.8806,-141.0298,-0.0035,-0.000552
1785533604560334170,81537130291,53.8805,-141.0297,-0.0035,-0.000552
1785533604610200271,81587130292,53.8805,-141.0296,-0.0035,-0.000552
1785533604663740687,81637130293,53.8805,-141.0295,-0.0035,-0.000552
1785533604710577828,81687130293,53.8805,-141.0294,-0.0035,-0.000551
1785533604762220333,81737130294,53.8804,-141.0294,-0.0035,-0.000551
1785533604809875778,81787130295,53.8804,-141.0293,-0.0035,-0.000551
1785533604861692737,81837130296,53.8804,-141.0292,-0.0035,-0.000551
1785533604910388163,81887130296,53.8803,-141.0291,-0.0035,-0.000551
1785533604959895174,81937130297,53.8803,-141.0290,-0.0035,-0.000550
1785533605010182763,81987130298,53.8803,-141.0289,-0.0035,-0.000550
1785533605060891850,82037130298,53.8803,-141.0288,-0.0035,-0.000550
1785533605110568907,82087130299,53.8802,-141.0287,-0.0035,-0.000550
1785533605161738594,82137130300,53.8802,-141.0286,-0.0035,-0.000550
1785533605211094119,82187130301,53.8802,-141.0285,-0.0035,-0.000550
1785533605261285085,82237130301,53.8801,-141.0284,-0.0035,-0.000548
1785533605310162524,82287130302,53.8801,-141.0283,-0.0035,-0.000548
1785533605360884692,82337130303,53.8801,-141.0282,-0.0035,-0.000548
1785533605410925187,82387130304,53.8800,-141.0281,-0.0035,-0.000548
1785533605460283890,82437130304,53.8800,-141.0280,-0.0035,-0.000548
1785533605510858293,82487130305,53.8800,-141.0280,-0.0035,-0.000546
1785533605560532326,82537130306,53.8800,-141.0278,-0.0035,-0.000546
1785533605610665688,82587130307,53.8799,-141.0278,-0.0035,-0.000546
1785533605660377331,82637130307,53.8799,-141.0277,-0.0035,-0.000546
1785533605709952961,82687130308,53.8799,-141.0276,-0.0035,-0.000546
1785533605762275590,82737130309,53.8798,-141.0275,-0.0035,-0.000545
1785533605814073038,82787130310,53.8798,-141.0274,-0.0035,-0.000545
1785533605875841493,82837130310,53.8798,-141.0273,-0.0035,-0.000545
1785533605913090754,82887130311,53.8798,-141.0272,-0.0035,-0.000545
1785533605960577311,82937130312,53.8797,-141.0271,-0.0035,-0.000545
1785533606011884605,82987130313,53.8797,-141.0270,-0.0035,-0.000545
1785533606060399805,83037130313,53.8797,-141.0269,-0.0035,-0.000543
1785533606110174140,83087130314,53.8796,-141.0268,-0.0035,-0.000543
1785533606160151592,83137130315,53.8796,-141.0267,-0.0035,-0.000543
1785533606212430472,83187130316,53.8796,-141.0266,-0.0035,-0.000543
1785533606264515038,83237130316,53.8796,-141.0265,-0.0035,-0.000543
1785533606310805569,83287130317,53.8795,-141.0264,-0.0035,-0.000543
1785533606362440484,83337130318,53.8795,-141.0264,-0.0035,-0.000542
1785533606410143338,83387130319,53.8795,-141.0263,-0.0035,-0.000542
1785533606461275675,83437130319,53.8794,-141.0262,-0.0035,-0.000542
1785533606510701571,83487130320,53.8794,-141.0261,-0.0035,-0.000542
1785533606559861783,83537130321,53.8794,-141.0260,-0.0035,-0.000542
1785533606610686100,83587130322,53.8794,-141.0259,-0.0035,-0.000540
1785533606660571238,83637130322,53.8793,-141.0258,-0.0035,-0.000540
1785533606710620203,83687130323,53.8793,-141.0257,-0.0035,-0.000540
1785533606761150051,83737130324,53.8793,-141.0256,-0.0035,-0.000540
1785533606812131215,83787130325,53.8792,-141.0255,-0.0035,-0.000540
1785533606862477170,83837130325,53.8792,-141.0254,-0.0035,-0.000539
1785533606911856126,83887130326,53.8792,-141.0253,-0.0035,-0.000539
1785533606963406265,83937130327,53.8792,-141.0252,-0.0035,-0.000539
1785533607012458625,83987130328,53.8791,-141.0251,-0.0035,-0.000539
1785533607060468485,84037130328,53.8791,-141.0250,-0.0035,-0.000539
1785533607110535782,84087130329,53.8791,-141.0250,-0.0035,-0.000539
1785533607160333828,84137130330,53.8790,-141.0249,-0.0035,-0.000537
1785533607210525881,84187130331,53.8790,-141.0248,-0.0035,-0.000537
1785533607260496155,84237130331,53.8790,-141.0247,-0.0035,-0.000537
1785533607310387416,84287130332,53.8789,-141.0246,-0.0035,-0.000537
1785533607360242249,84337130333,53.8789,-141.0245,-0.0035,-0.000537
1785533607409734781,84387130334,53.8789,-141.0244,-0.0035,-0.000536
1785533607461400229,84437130334,53.8789,-141.0243,-0.0035,-0.000536
1785533607511414177,84487130335,53.8788,-141.0242,-0.0036,-0.000536
1785533607560456223,84537130336,53.8788,-141.0241,-0.0036,-0.000536
1785533607610520243,84587130336,53.8788,-141.0240,-0.0036,-0.000536
1785533607662064458,84637130337,53.8787,-141.0239,-0.0036,-0.000536
1785533607711544421,84687130338,53.8787,-141.0238,-0.0036,-0.000534
1785533607760384102,84737130339,53.8787,-141.0237,-0.0036,-0.000534
1785533607810033079,84787130339,53.8787,-141.0237,-0.0036,-0.000534
1785533607861387519,84837130340,53.8786,-141.0235,-0.0036,-0.000534
1785533607910750240,84887130341,53.8786,-141.0235,-0.0036,-0.000534
1785533607961374944,84937130342,53.8786,-141.0234,-0.0036,-0.000533
1785533608011235835,84987130342,53.8785,-141.0233,-0.0036,-0.000533
1785533608060268121,85037130343,53.8785,-141.0232,-0.0036,-0.000533
1785533608110144774,85087130344,53.8785,-141.0231,-0.0036,-0.000533
1785533608160203934,85137130345,53.8785,-141.0230,-0.0036,-0.000533
1785533608210432306,85187130345,53.8784,-141.0229,-0.0036,-0.000531
1785533608260602594,85237130346,53.8784,-141.0228,-0.0036,-0.000531
1785533608310544322,85287130347,53.8784,-141.0227,-0.0036,-0.000531
1785533608360654863,85337130348,53.8783,-141.0226,-0.0036,-0.000531
1785533608412924520,85387130348,53.8783,-141.0225,-0.0036,-0.000531
1785533608460332509,85437130349,53.8783,-141.0224,-0.0036,-0.000531
1785533608509936062,85487130350,53.8783,-141.0223,-0.0036,-0.000529
1785533608561598061,85537130351,53.8782,-141.0222,-0.0036,-0.000529
1785533608610518560,85587130351,53.8782,-141.0221,-0.0036,-0.000529
1785533608661407537,85637130352,53.8782,-141.0221,-0.0036,-0.000529
1785533608712251541,85687130353,53.8781,-141.0220,-0.0036,-0.000529
1785533608764384405,85737130354,53.8781,-141.0219,-0.0036,-0.000528
1785533608810570486,85787130354,53.8781,-141.0218,-0.0036,-0.000528
1785533608861331577,85837130355,53.8781,-141.0217,-0.0036,-0.000528
1785533608910986210,85887130356,53.8780,-141.0216,-0.0036,-0.000528
1785533608960733851,85937130357,53.8780,-141.0215,-0.0036,-0.000528
1785533609010236660,85987130357,53.8780,-141.0214,-0.0036,-0.000528
1785533609060809983,86037130358,53.8779,-141.0213,-0.0036,-0.000526
1785533609110639538,86087130359,53.8779,-141.0212,-0.0036,-0.000526
1785533609165432720,86137130360,53.8779,-141.0211,-0.0036,-0.000526
1785533609210222443,86187130360,53.8778,-141.0210,-0.0036,-0.000526
1785533609260156123,86237130361,53.8778,-141.0209,-0.0036,-0.000526
1785533609310351988,86287130362,53.8778,-141.0208,-0.0036,-0.000525
1785533609362461645,86337130363,53.8778,-141.0208,-0.0036,-0.000525
1785533609414533708,86387130363,53.8777,-141.0207,-0.0036,-0.000525
1785533609460295901,86437130364,53.8777,-141.0206,-0.0036,-0.000525
1785533609510084914,86487130365,53.8777,-141.0205,-0.0036,-0.000525
1785533609561511872,86537130366,53.8776,-141.0204,-0.0036,-0.000525
1785533609610984059,86587130366,53.8776,-141.0203,-0.0036,-0.000523
1785533609660382285,86637130367,53.8776,-141.0202,-0.0036,-0.000523
1785533609711273856,86687130368,53.8776,-141.0201,-0.0036,-0.000523
1785533609763335487,86737130369,53.8775,-141.0200,-0.0036,-0.000523
1785533609812058936,86787130369,53.8775,-141.0199,-0.0036,-0.000523
1785533609861888381,86837130370,53.8775,-141.0198,-0.0036,-0.000522
1785533609910097419,86887130371,53.8774,-141.0197,-0.0036,-0.000522
1785533609959871625,86937130372,53.8774,-141.0196,-0.0036,-0.000522
1785533610010346484,86987130372,53.8774,-141.0195,-0.0036,-0.000522
1785533610060712329,87037130373,53.8774,-141.0194,-0.0036,-0.000522
1785533610110186868,87087130374,53.8773,-141.0194,-0.0036,-0.000520
1785533610160469362,87137130374,53.8773,-141.0193,-0.0036,-0.000520
1785533610214234680,87187130375,53.8773,-141.0192,-0.0036,-0.000520
1785533610260771983,87237130376,53.8772,-141.0191,-0.0036,-0.000520
1785533610310627099,87287130377,53.8772,-141.0190,-0.0036,-0.000520
1785533610360274353,87337130377,53.8772,-141.0189,-0.0036,-0.000520
1785533610410636965,87387130378,53.8772,-141.0188,-0.0036,-0.000518
1785533610460323782,87437130379,53.8771,-141.0187,-0.0036,-0.000518
1785533610510320653,87487130380,53.8771,-141.0186,-0.0036,-0.000518
1785533610560712165,87537130380,53.8771,-141.0185,-0.0037,-0.000518
1785533610610327906,87587130381,53.8770,-141.0184,-0.0037,-0.000518
1785533610661056607,87637130382,53.8770,-141.0183,-0.0037,-0.000517
1785533610711001326,87687130383,53.8770,-141.0182,-0.0037,-0.000517
1785533610760368280,87737130383,53.8770,-141.0181,-0.0037,-0.000517
1785533610810453630,87787130384,53.8769,-141.0180,-0.0037,-0.000517
1785533610861645237,87837130385,53.8769,-141.0179,-0.0037,-0.000517
1785533610910266381,87887130386,53.8769,-141.0178,-0.0037,-0.000517
1785533610960589027,87937130386,53.8768,-141.0178,-0.0037,-0.000515
1785533611010825737,87987130387,53.8768,-141.0177,-0.0037,-0.000515
1785533611060295595,88037130388,53.8768,-141.0176,-0.0037,-0.000515
1785533611111407636,88087130389,53.8768,-141.0175,-0.0037,-0.000515
1785533611160767488,88137130389,53.8767,-141.0174,-0.0037,-0.000515
1785533611211271141,88187130390,53.8767,-141.0173,-0.0037,-0.000515
1785533611260284054,88237130391,53.8767,-141.0172,-0.0037,-0.000514
1785533611311824303,88287130392,53.8766,-141.0171,-0.0037,-0.000514
1785533611360241760,88337130392,53.8766,-141.0170,-0.0037,-0.000514
1785533611411267502,88387130393,53.8766,-141.0169,-0.0037,-0.000514
1785533611461455284,88437130394,53.8765,-141.0168,-0.0037,-0.000514
1785533611510566326,88487130395,53.8765,-141.0167,-0.0037,-0.000512
1785533611560184420,88537130395,53.8765,-141.0166,-0.0037,-0.000512
1785533611610289967,88587130396,53.8765,-141.0165,-0.0037,-0.000512
1785533611660614470,88637130397,53.8764,-141.0165,-0.0037,-0.000512
1785533611712178091,88687130398,53.8764,-141.0164,-0.0037,-0.000512
1785533611760818329,88737130398,53.8764,-141.0163,-0.0037,-0.000512
1785533611809984248,88787130399,53.8763,-141.0162,-0.0037,-0.000510
1785533611861335793,88837130400,53.8763,-141.0161,-0.0037,-0.000510
1785533611911389939,88887130401,53.8763,-141.0160,-0.0037,-0.000510
1785533611960942654,88937130401,53.8763,-141.0159,-0.0037,-0.000510
1785533612009800735,88987130402,53.8762,-141.0158,-0.0037,-0.000510
1785533612064499584,89037130403,53.8762,-141.0157,-0.0037,-0.000509
1785533612110056657,89087130404,53.8762,-141.0156,-0.0037,-0.000509
1785533612161456314,89137130404,53.8761,-141.0155,-0.0037,-0.000509
1785533612211163700,89187130405,53.8761,-141.0154,-0.0037,-0.000509
1785533612260425766,89237130406,53.8761,-141.0153,-0.0037,-0.000509
1785533612310192493,89287130407,53.8761,-141.0152,-0.0037,-0.000509
1785533612362430642,89337130407,53.8760,-141.0151,-0.0037,-0.000507
1785533612410037635,89387130408,53.8760,-141.0151,-0.0037,-0.000507
1785533612462022147,89437130409,53.8760,-141.0150,-0.0037,-0.000507
1785533612510024908,89487130410,53.8759,-141.0149,-0.0037,-0.000507
1785533612562189850,89537130410,53.8759,-141.0148,-0.0037,-0.000507
1785533612610120553,89587130411,53.8759,-141.0147,-0.0037,-0.000506
1785533612660665189,89637130412,53.8759,-141.0146,-0.0037,-0.000506
1785533612709897721,89687130412,53.8758,-141.0145,-0.0037,-0.000506
1785533612761006285,89737130413,53.8758,-141.0144,-0.0037,-0.000506
1785533612813160960,89787130414,53.8758,-141.0143,-0.0037,-0.000506
1785533612865171200,89837130415,53.8757,-141.0142,-0.0037,-0.000506
1785533612910515185,89887130415,53.8757,-141.0141,-0.0037,-0.000504
1785533612965981386,89937130416,53.8757,-141.0140,-0.0037,-0.000504
1785533613009985281,89987130417,53.8757,-141.0139,-0.0037,-0.000504
1785533613061766597,90037130418,53.8756,-141.0138,-0.0037,-0.000504
1785533613111689360,90087130418,53.8756,-141.0137,-0.0037,-0.000504
1785533613163585270,90137130419,53.8756,-141.0137,-0.0037,-0.000502
1785533613211905514,90187130420,53.8755,-141.0136,-0.0037,-0.000502
1785533613260944283,90237130421,53.8755,-141.0135,-0.0037,-0.000502
1785533613310190725,90287130421,53.8755,-141.0134,-0.0037,-0.000502
1785533613363440103,90337130422,53.8755,-141.0133,-0.0037,-0.000502
1785533613410676477,90387130423,53.8754,-141.0132,-0.0037,-0.000501
1785533613459859089,90437130424,53.8754,-141.0131,-0.0037,-0.000501
1785533613512472264,90487130424,53.8754,-141.0130,-0.0037,-0.000501
1785533613560849138,90537130425,53.8753,-141.0129,-0.0037,-0.000501
1785533613610245702,90587130426,53.8753,-141.0128,-0.0037,-0.000501
1785533613660626493,90637130427,53.8753,-141.0127,-0.0038,-0.000501
1785533613711109279,90687130427,53.8752,-141.0126,-0.0038,-0.000499
1785533613762288125,90737130428,53.8752,-141.0125,-0.0038,-0.000499
1785533613811062198,90787130429,53.8752,-141.0124,-0.0038,-0.000499
1785533613863457775,90837130430,53.8752,-141.0123,-0.0038,-0.000499
1785533613911803890,90887130430,53.8751,-141.0122,-0.0038,-0.000499
1785533613961339110,90937130431,53.8751,-141.0122,-0.0038,-0.000498
1785533614010396681,90987130432,53.8751,-141.0121,-0.0038,-0.000498
1785533614061249427,91037130433,53.8750,-141.0120,-0.0038,-0.000498
1785533614110029287,91087130433,53.8750,-141.0119,-0.0038,-0.000498
1785533614160238783,91137130434,53.8750,-141.0118,-0.0038,-0.000498
1785533614213408139,91187130435,53.8750,-141.0117,-0.0038,-0.000496
1785533614259975275,91237130436,53.8749,-141.0116,-0.0038,-0.000496
1785533614309795091,91287130436,53.8749,-141.0115,-0.0038,-0.000496
1785533614361069757,91337130437,53.8749,-141.0114,-0.0038,-0.000496
1785533614410503212,91387130438,53.8748,-141.0113,-0.0038,-0.000496
1785533614460675042,91437130439,53.8748,-141.0112,-0.0038,-0.000496
1785533614510630661,91487130439,53.8748,-141.0111,-0.0038,-0.000494
1785533614560453875,91537130440,53.8748,-141.0110,-0.0038,-0.000494
1785533614609690462,91587130441,53.8747,-141.0109,-0.0038,-0.000494
1785533614661490814,91637130442,53.8747,-141.0108,-0.0038,-0.000494
1785533614710537561,91687130442,53.8747,-141.0108,-0.0038,-0.000494
1785533614760655982,91737130443,53.8746,-141.0107,-0.0038,-0.000494
1785533614810535092,91787130444,53.8746,-141.0106,-0.0038,-0.000493
1785533614863603758,91837130445,53.8746,-141.0105,-0.0038,-0.000493
1785533614910452327,91887130445,53.8746,-141.0104,-0.0038,-0.000493
1785533614960980308,91937130446,53.8745,-141.0103,-0.0038,-0.000493
1785533615010756789,91987130447,53.8745,-141.0102,-0.0038,-0.000493
1785533615060575579,92037130448,53.8745,-141.0101,-0.0038,-0.000491
1785533615110454431,92087130448,53.8744,-141.0100,-0.0038,-0.000491
1785533615160369178,92137130449,53.8744,-141.0099,-0.0038,-0.000491
1785533615210610626,92187130450,53.8744,-141.0098,-0.0038,-0.000491
1785533615260397466,92237130450,53.8744,-141.0097,-0.0038,-0.000491
1785533615312618520,92287130451,53.8743,-141.0096,-0.0038,-0.000491
1785533615360394068,92337130452,53.8743,-141.0095,-0.0038,-0.000489
1785533615411539542,92387130453,53.8743,-141.0094,-0.0038,-0.000489
1785533615461080897,92437130453,53.8742,-141.0094,-0.0038,-0.000489
1785533615510510882,92487130454,53.8742,-141.0093,-0.0038,-0.000489
1785533615564646744,92537130455,53.8742,-141.0092,-0.0038,-0.000489
1785533615610666322,92587130456,53.8741,-141.0091,-0.0038,-0.000488
1785533615660217066,92637130456,53.8741,-141.0090,-0.0038,-0.000488
1785533615710717638,92687130457,53.8741,-141.0089,-0.0038,-0.000488
1785533615761327840,92737130458,53.8741,-141.0088,-0.0038,-0.000488
1785533615811012213,92787130459,53.8740,-141.0087,-0.0038,-0.000488
1785533615859987913,92837130459,53.8740,-141.0086,-0.0038,-0.000488
1785533615910824370,92887130460,53.8740,-141.0085,-0.0038,-0.000486
1785533615962962321,92937130461,53.8739,-141.0084,-0.0038,-0.000486
1785533616012377989,92987130462,53.8739,-141.0083,-0.0038,-0.000486
1785533616060900597,93037130462,53.8739,-141.0082,-0.0038,-0.000486
1785533616111331656,93087130463,53.8739,-141.0081,-0.0038,-0.000486
1785533616160368235,93137130464,53.8738,-141.0080,-0.0038,-0.000486
1785533616210180052,93187130465,53.8738,-141.0080,-0.0038,-0.000484
1785533616260680596,93237130465,53.8738,-141.0079,-0.0038,-0.000484
1785533616311055658,93287130466,53.8737,-141.0078,-0.0038,-0.000484
1785533616360319737,93337130467,53.8737,-141.0077,-0.0038,-0.000484
1785533616410543345,93387130468,53.8737,-141.0076,-0.0038,-0.000484
1785533616464440322,93437130468,53.8737,-141.0075,-0.0038,-0.000484
1785533616510025641,93487130469,53.8736,-141.0074,-0.0038,-0.000483
1785533616560922208,93537130470,53.8736,-141.0073,-0.0038,-0.000483
1785533616610880499,93587130471,53.8736,-141.0072,-0.0038,-0.000483
1785533616663094812,93637130471,53.8735,-141.0071,-0.0038,-0.000483
1785533616713892012,93687130472,53.8735,-141.0070,-0.0039,-0.000483
1785533616760855070,93737130473,53.8735,-141.0069,-0.0039,-0.000481
1785533616810411196,93787130474,53.8735,-141.0068,-0.0039,-0.000481
1785533616860739425,93837130474,53.8734,-141.0067,-0.0039,-0.000481
1785533616910379356,93887130475,53.8734,-141.0067,-0.0039,-0.000481
1785533616960316327,93937130476,53.8734,-141.0066,-0.0039,-0.000481
1785533617010623993,93987130477,53.8733,-141.0065,-0.0039,-0.000481
1785533617062404910,94037130477,53.8733,-141.0064,-0.0039,-0.000479
1785533617111888654,94087130478,53.8733,-141.0063,-0.0039,-0.000479
1785533617166416881,94137130479,53.8733,-141.0062,-0.0039,-0.000479
1785533617211284448,94187130480,53.8732,-141.0061,-0.0039,-0.000479
1785533617260643234,94237130480,53.8732,-141.0060,-0.0039,-0.000479
1785533617310080130,94287130481,53.8732,-141.0059,-0.0039,-0.000478
1785533617361765228,94337130482,53.8731,-141.0058,-0.0039,-0.000478
1785533617412193540,94387130483,53.8731,-141.0057,-0.0039,-0.000478
1785533617460987448,94437130483,53.8731,-141.0056,-0.0039,-0.000478
1785533617510596088,94487130484,53.8731,-141.0055,-0.0039,-0.000478
1785533617561336635,94537130485,53.8730,-141.0054,-0.0039,-0.000476
1785533617610701863,94587130486,53.8730,-141.0053,-0.0039,-0.000476
1785533617661257020,94637130486,53.8730,-141.0053,-0.0039,-0.000476
1785533617710620786,94687130487,53.8729,-141.0051,-0.0039,-0.000476
1785533617760276839,94737130488,53.8729,-141.0051,-0.0039,-0.000476
1785533617811562888,94787130488,53.8729,-141.0050,-0.0039,-0.000475
1785533617862508846,94837130489,53.8728,-141.0049,-0.0039,-0.000475
1785533617910492501,94887130490,53.8728,-141.0048,-0.0039,-0.000475
1785533617960778866,94937130491,53.8728,-141.0047,-0.0039,-0.000475
1785533618010210769,94987130491,53.8728,-141.0046,-0.0039,-0.000475
1785533618061440994,95037130492,53.8727,-141.0045,-0.0039,-0.000475
1785533618110831338,95087130493,53.8727,-141.0044,-0.0039,-0.000473
1785533618162521094,95137130494,53.8727,-141.0043,-0.0039,-0.000473
1785533618210821685,95187130494,53.8726,-141.0042,-0.0039,-0.000473
1785533618260853598,95237130495,53.8726,-141.0041,-0.0039,-0.000473
1785533618310797254,95287130496,53.8726,-141.0040,-0.0039,-0.000473
1785533618360221334,95337130497,53.8726,-141.0039,-0.0039,-0.000471
1785533618410380968,95387130497,53.8725,-141.0038,-0.0039,-0.000471
1785533618462160534,95437130498,53.8725,-141.0038,-0.0039,-0.000471
1785533618510771711,95487130499,53.8725,-141.0037,-0.0039,-0.000471
1785533618560925337,95537130500,53.8724,-141.0036,-0.0039,-0.000471
1785533618610639787,95587130500,53.8724,-141.0035,-0.0039,-0.000471
1785533618660827709,95637130501,53.8724,-141.0034,-0.0039,-0.000470
1785533618710274910,95687130502,53.8724,-141.0033,-0.0039,-0.000470
1785533618760492638,95737130503,53.8723,-141.0032,-0.0039,-0.000470
1785533618811029072,95787130503,53.8723,-141.0031,-0.0039,-0.000470
1785533618861329730,95837130504,53.8723,-141.0030,-0.0039,-0.000470
1785533618911282936,95887130505,53.8722,-141.0029,-0.0039,-0.000470
1785533618960213132,95937130506,53.8722,-141.0028,-0.0039,-0.000468
1785533619011061013,95987130506,53.8722,-141.0027,-0.0039,-0.000468
1785533619060677069,96037130507,53.8722,-141.0026,-0.0039,-0.000468
1785533619110248982,96087130508,53.8721,-141.0025,-0.0039,-0.000468
1785533619160387924,96137130509,53.8721,-141.0024,-0.0039,-0.000468
1785533619210970892,96187130509,53.8721,-141.0024,-0.0039,-0.000466
1785533619264333169,96237130510,53.8720,-141.0023,-0.0039,-0.000466
1785533619310223713,96287130511,53.8720,-141.0022,-0.0039,-0.000466
1785533619365512828,96337130512,53.8720,-141.0021,-0.0039,-0.000466
1785533619410879203,96387130512,53.8719,-141.0020,-0.0039,-0.000466
1785533619461405189,96437130513,53.8719,-141.0019,-0.0039,-0.000466
1785533619510339447,96487130514,53.8719,-141.0018,-0.0039,-0.000464
1785533619560075977,96537130515,53.8719,-141.0017,-0.0039,-0.000464
1785533619613394451,96587130515,53.8718,-141.0016,-0.0039,-0.000464
1785533619660149941,96637130516,53.8718,-141.0015,-0.0039,-0.000464
1785533619710280424,96687130517,53.8718,-141.0014,-0.0039,-0.000464
1785533619761235276,96737130518,53.8717,-141.0013,-0.0039,-0.000464
1785533619813064398,96787130518,53.8717,-141.0012,-0.0040,-0.000463
1785533619860191056,96837130519,53.8717,-141.0011,-0.0040,-0.000463
1785533619910866065,96887130520,53.8717,-141.0010,-0.0040,-0.000463
1785533619960717506,96937130521,53.8716,-141.0010,-0.0040,-0.000463
1785533620010206305,96987130521,53.8716,-141.0009,-0.0040,-0.000463
1785533620061405273,97037130522,53.8716,-141.0008,-0.0040,-0.000461
1785533620110580472,97087130523,53.8715,-141.0007,-0.0040,-0.000461
1785533620160597028,97137130524,53.8715,-141.0006,-0.0040,-0.000461
1785533620213050773,97187130524,53.8715,-141.0005,-0.0040,-0.000461
1785533620264342139,97237130525,53.8715,-141.0004,-0.0040,-0.000461
1785533620311149616,97287130526,53.8714,-141.0003,-0.0040,-0.000461
1785533620360207544,97337130526,53.8714,-141.0002,-0.0040,-0.000459
1785533620411614742,97387130527,53.8714,-141.0001,-0.0040,-0.000459
1785533620460409681,97437130528,53.8713,-141.0000,-0.0040,-0.000459
1785533620509974084,97487130529,53.8713,-140.9999,-0.0040,-0.000459
1785533620561374836,97537130529,53.8713,-140.9998,-0.0040,-0.000459
1785533620611940545,97587130530,53.8713,-140.9997,-0.0040,-0.000458
1785533620660464727,97637130531,53.8712,-140.9997,-0.0040,-0.000458
1785533620710787757,97687130532,53.8712,-140.9996,-0.0040,-0.000458
1785533620760546603,97737130532,53.8712,-140.9995,-0.0040,-0.000458
1785533620810836878,97787130533,53.8711,-140.9994,-0.0040,-0.000458
1785533620860103196,97837130534,53.8711,-140.9993,-0.0040,-0.000458
1785533620913400575,97887130535,53.8711,-140.9992,-0.0040,-0.000456
1785533620959952325,97937130535,53.8711,-140.9991,-0.0040,-0.000456
1785533621010845282,97987130536,53.8710,-140.9990,-0.0040,-0.000456
1785533621060172749,98037130537,53.8710,-140.9989,-0.0040,-0.000456
1785533621111179928,98087130538,53.8710,-140.9988,-0.0040,-0.000456
1785533621161500832,98137130538,53.8709,-140.9987,-0.0040,-0.000454
1785533621210406244,98187130539,53.8709,-140.9986,-0.0040,-0.000454
1785533621265350821,98237130540,53.8709,-140.9985,-0.0040,-0.000454
1785533621312631858,98287130541,53.8708,-140.9984,-0.0040,-0.000454
1785533621360374451,98337130541,53.8708,-140.9983,-0.0040,-0.000454
1785533621409988240,98387130542,53.8708,-140.9983,-0.0040,-0.000454
1785533621460318064,98437130543,53.8708,-140.9982,-0.0040,-0.000452
1785533621510799494,98487130544,53.8707,-140.9981,-0.0040,-0.000452
1785533621563412711,98537130544,53.8707,-140.9980,-0.0040,-0.000452
1785533621610296594,98587130545,53.8707,-140.9979,-0.0040,-0.000452
1785533621662676617,98637130546,53.8706,-140.9978,-0.0040,-0.000452
1785533621710664167,98687130547,53.8706,-140.9977,-0.0040,-0.000452
1785533621762413956,98737130547,53.8706,-140.9976,-0.0040,-0.000451
1785533621811041827,98787130548,53.8706,-140.9975,-0.0040,-0.000451
1785533621862391243,98837130549,53.8705,-140.9974,-0.0040,-0.000451
1785533621910855582,98887130550,53.8705,-140.9973,-0.0040,-0.000451
1785533621960384522,98937130550,53.8705,-140.9972,-0.0040,-0.000451
1785533622011737614,98987130551,53.8704,-140.9971,-0.0040,-0.000449
1785533622060266507,99037130552,53.8704,-140.9970,-0.0040,-0.000449
1785533622110830175,99087130553,53.8704,-140.9969,-0.0040,-0.000449
1785533622164460515,99137130553,53.8704,-140.9969,-0.0040,-0.000449
1785533622210461973,99187130554,53.8703,-140.9967,-0.0040,-0.000449
1785533622261781010,99237130555,53.8703,-140.9967,-0.0040,-0.000449
1785533622310875235,99287130556,53.8703,-140.9966,-0.0040,-0.000447
1785533622361264013,99337130556,53.8702,-140.9965,-0.0040,-0.000447
1785533622410788941,99387130557,53.8702,-140.9964,-0.0040,-0.000447
1785533622460899136,99437130558,53.8702,-140.9963,-0.0040,-0.000447
1785533622510243624,99487130559,53.8702,-140.9962,-0.0040,-0.000447
1785533622563412349,99537130559,53.8701,-140.9961,-0.0040,-0.000446
1785533622610688772,99587130560,53.8701,-140.9960,-0.0040,-0.000446
1785533622661278232,99637130561,53.8701,-140.9959,-0.0040,-0.000446
1785533622711094906,99687130561,53.8700,-140.9958,-0.0040,-0.000446
1785533622760778439,99737130562,53.8700,-140.9957,-0.0040,-0.000446
1785533622810542371,99787130563,53.8700,-140.9956,-0.0040,-0.000446
1785533622862178968,99837130564,53.8700,-140.9955,-0.0041,-0.000444
1785533622910849032,99887130564,53.8699,-140.9954,-0.0041,-0.000444
1785533622960155903,99937130565,53.8699,-140.9954,-0.0041,-0.000444
1785533623012469728,99987130566,53.8699,-140.9953,-0.0041,-0.000444
1785533623060052235,100037130567,53.8698,-140.9952,-0.0041,-0.000444
1785533623110356490,100087130567,53.8698,-140.9951,-0.0041,-0.000442
1785533623164208875,100137130568,53.8698,-140.9950,-0.0041,-0.000442
1785533623210166258,100187130569,53.8698,-140.9949,-0.0041,-0.000442
1785533623260663582,100237130570,53.8697,-140.9948,-0.0041,-0.000442
1785533623311853380,100287130570,53.8697,-140.9947,-0.0041,-0.000442
1785533623361359021,100337130571,53.8697,-140.9946,-0.0041,-0.000442
1785533623410240600,100387130572,53.8696,-140.9945,-0.0041,-0.000440
1785533623461088347,100437130573,53.8696,-140.9944,-0.0041,-0.000440
1785533623510904252,100487130573,53.8696,-140.9943,-0.0041,-0.000440
1785533623560245684,100537130574,53.8695,-140.9942,-0.0041,-0.000440
1785533623610730177,100587130575,53.8695,-140.9941,-0.0041,-0.000440
1785533623660038530,100637130576,53.8695,-140.9940,-0.0041,-0.000439
1785533623710803427,100687130576,53.8695,-140.9940,-0.0041,-0.000439
1785533623762424880,100737130577,53.8694,-140.9939,-0.0041,-0.000439
1785533623814420232,100787130578,53.8694,-140.9938,-0.0041,-0.000439
1785533623862724196,100837130579,53.8694,-140.9937,-0.0041,-0.000439
1785533623911075109,100887130579,53.8693,-140.9936,-0.0041,-0.000437
1785533623960345109,100937130580,53.8693,-140.9935,-0.0041,-0.000437
1785533624010298673,100987130581,53.8693,-140.9934,-0.0041,-0.000437
1785533624060093398,101037130582,53.8693,-140.9933,-0.0041,-0.000437
1785533624109952806,101087130582,53.8692,-140.9932,-0.0041,-0.000437
1785533624160418549,101137130583,53.8692,-140.9931,-0.0041,-0.000436
1785533624213200323,101187130584,53.8692,-140.9930,-0.0041,-0.000436
1785533624260642299,101237130585,53.8691,-140.9929,-0.0041,-0.000436
1785533624310683040,101287130585,53.8691,-140.9928,-0.0041,-0.000436
1785533624360966422,101337130586,53.8691,-140.9927,-0.0041,-0.000436
1785533624410951543,101387130587,53.8691,-140.9926,-0.0041,-0.000436
1785533624460651195,101437130588,53.8690,-140.9926,-0.0041,-0.000434
1785533624516352742,101487130588,53.8690,-140.9925,-0.0041,-0.000434
1785533624564298099,101537130589,53.8690,-140.9924,-0.0041,-0.000434
1785533624612316840,101587130590,53.8689,-140.9923,-0.0041,-0.000434
1785533624659792688,101637130591,53.8689,-140.9922,-0.0041,-0.000434
1785533624710261035,101687130591,53.8689,-140.9921,-0.0041,-0.000434
1785533624763762370,101737130592,53.8689,-140.9920,-0.0041,-0.000432
1785533624810469026,101787130593,53.8688,-140.9919,-0.0041,-0.000432
1785533624863867584,101837130594,53.8688,-140.9918,-0.0041,-0.000432
1785533624912091152,101887130594,53.8688,-140.9917,-0.0041,-0.000432
1785533624960743152,101937130595,53.8687,-140.9916,-0.0041,-0.000432
1785533625011456999,101987130596,53.8687,-140.9915,-0.0041,-0.000430
1785533625061387916,102037130597,53.8687,-140.9914,-0.0041,-0.000430
1785533625111158133,102087130597,53.8687,-140.9913,-0.0041,-0.000430
1785533625161177390,102137130598,53.8686,-140.9913,-0.0041,-0.000430
1785533625211340758,102187130599,53.8686,-140.9912,-0.0041,-0.000430
1785533625260019563,102237130599,53.8686,-140.9911,-0.0041,-0.000429
1785533625312052125,102287130600,53.8685,-140.9910,-0.0041,-0.000429
